"Mach","Pressure","Temperature","p","u","x","Points:0","Points:1","Points:2"
0.22941,7.7436e+05,333.47,0.96382,85.423,-1.2462,-8.1,0,0
0.22989,7.7425e+05,333.46,0.96368,85.601,-1.2349,-8.0269,0,0
0.23037,7.7413e+05,333.44,0.96354,85.78,-1.2237,-7.9538,0,0
0.23095,7.7398e+05,333.42,0.96335,85.993,-1.2124,-7.8807,0,0
0.23175,7.7375e+05,333.39,0.96306,86.284,-1.2012,-7.8076,0,0
0.23254,7.7352e+05,333.36,0.96277,86.576,-1.1899,-7.7345,0,0
0.23359,7.7322e+05,333.33,0.9624,86.961,-1.1787,-7.6614,0,0
0.23479,7.7288e+05,333.29,0.96198,87.403,-1.1674,-7.5883,0,0
0.23599,7.7255e+05,333.25,0.96156,87.845,-1.1562,-7.5152,0,0
0.23762,7.7209e+05,333.2,0.96099,88.446,-1.1449,-7.4421,0,0
0.23928,7.7162e+05,333.14,0.96041,89.058,-1.1337,-7.369,0,0
0.24107,7.7112e+05,333.08,0.95978,89.715,-1.1224,-7.2959,0,0
0.2432,7.705e+05,333.01,0.95901,90.498,-1.1112,-7.2228,0,0
0.24533,7.6988e+05,332.94,0.95825,91.281,-1.1,-7.1497,0,0
0.24778,7.692e+05,332.86,0.95739,92.18,-1.0887,-7.0766,0,0
0.25039,7.6848e+05,332.78,0.9565,93.14,-1.0775,-7.0035,0,0
0.25303,7.6775e+05,332.69,0.95559,94.109,-1.0662,-6.9304,0,0
0.25616,7.6678e+05,332.58,0.95438,95.255,-1.055,-6.8573,0,0
0.25928,7.6581e+05,332.46,0.95317,96.402,-1.0437,-6.7842,0,0
0.26262,7.6481e+05,332.34,0.95194,97.626,-1.0325,-6.7111,0,0
0.26622,7.6379e+05,332.22,0.95066,98.946,-1.0212,-6.638,0,0
0.26982,7.6277e+05,332.11,0.94939,100.27,-1.01,-6.5649,0,0
0.27385,7.6138e+05,331.94,0.94766,101.74,-0.99874,-6.4918,0,0
0.27793,7.5994e+05,331.76,0.94586,103.23,-0.98749,-6.4187,0,0
0.28218,7.5856e+05,331.6,0.94415,104.78,-0.97625,-6.3456,0,0
0.28671,7.573e+05,331.45,0.94259,106.44,-0.965,-6.2725,0,0
0.29125,7.5605e+05,331.3,0.94102,108.1,-0.95375,-6.1994,0,0
0.29628,7.5431e+05,331.08,0.93886,109.93,-0.94251,-6.1263,0,0
0.30142,7.5247e+05,330.86,0.93657,111.8,-0.93126,-6.0532,0,0
0.30669,7.5069e+05,330.64,0.93435,113.71,-0.92002,-5.9801,0,0
0.31224,7.4906e+05,330.44,0.93233,115.74,-0.90877,-5.907,0,0
0.31779,7.4744e+05,330.25,0.93031,117.76,-0.89752,-5.8339,0,0
0.32388,7.4523e+05,329.97,0.92756,119.97,-0.88628,-5.7608,0,0
0.33011,7.4288e+05,329.67,0.92464,122.22,-0.87503,-5.6877,0,0
0.33652,7.4064e+05,329.39,0.92185,124.54,-0.86378,-5.6146,0,0
0.34326,7.3858e+05,329.13,0.91928,126.98,-0.85254,-5.5415,0,0
0.35001,7.3652e+05,328.88,0.91672,129.43,-0.84129,-5.4684,0,0
0.35735,7.338e+05,328.54,0.91333,132.07,-0.83005,-5.3953,0,0
0.36473,7.3102e+05,328.2,0.90988,134.74,-0.8188,-5.3222,0,0
0.37237,7.2799e+05,327.82,0.9061,137.48,-0.80755,-5.2491,0,0
0.38029,7.2468e+05,327.4,0.90199,140.31,-0.79631,-5.176,0,0
0.38822,7.2139e+05,326.97,0.89789,143.15,-0.78506,-5.1029,0,0
0.39651,7.184e+05,326.6,0.89417,146.12,-0.77382,-5.0298,0,0
0.4048,7.1541e+05,326.22,0.89045,149.09,-0.76257,-4.9567,0,0
0.41355,7.1206e+05,325.79,0.88627,152.21,-0.75132,-4.8836,0,0
0.42249,7.0855e+05,325.33,0.88191,155.39,-0.74008,-4.8105,0,0
0.43171,7.0473e+05,324.83,0.87716,158.66,-0.72883,-4.7374,0,0
0.44146,7.0031e+05,324.25,0.87165,162.09,-0.71758,-4.6643,0,0
0.45121,6.9589e+05,323.67,0.86615,165.53,-0.70634,-4.5912,0,0
0.46133,6.9173e+05,323.12,0.86097,169.09,-0.69509,-4.5181,0,0
0.47145,6.8757e+05,322.57,0.85579,172.66,-0.68385,-4.445,0,0
0.482,6.828e+05,321.94,0.84986,176.34,-0.6726,-4.3719,0,0
0.4928,6.7768e+05,321.25,0.84348,180.1,-0.66135,-4.2988,0,0
0.50371,6.7264e+05,320.56,0.83721,183.9,-0.65011,-4.2257,0,0
0.51485,6.6777e+05,319.9,0.83115,187.77,-0.63886,-4.1526,0,0
0.52603,6.6286e+05,319.24,0.82504,191.65,-0.62762,-4.0795,0,0
0.5378,6.5743e+05,318.48,0.81827,195.7,-0.61637,-4.0064,0,0
0.54957,6.5199e+05,317.73,0.81151,199.75,-0.60512,-3.9333,0,0
0.5619,6.4591e+05,316.87,0.80394,203.95,-0.59388,-3.8602,0,0
0.57438,6.3967e+05,315.99,0.79617,208.19,-0.58263,-3.7871,0,0
0.58696,6.3354e+05,315.13,0.78854,212.46,-0.57138,-3.714,0,0
0.59963,6.2751e+05,314.28,0.78103,216.76,-0.56014,-3.6409,0,0
0.61244,6.2134e+05,313.4,0.77336,221.08,-0.54889,-3.5678,0,0
0.62559,6.1485e+05,312.45,0.76528,225.48,-0.53765,-3.4947,0,0
0.63879,6.0832e+05,311.49,0.75715,229.89,-0.5264,-3.4216,0,0
0.65249,6.0146e+05,310.48,0.74861,234.43,-0.51515,-3.3485,0,0
0.66618,5.946e+05,309.46,0.74008,238.96,-0.50391,-3.2754,0,0
0.68023,5.8744e+05,308.39,0.73117,243.57,-0.49266,-3.2023,0,0
0.69431,5.8026e+05,307.31,0.72223,248.19,-0.48142,-3.1292,0,0
0.70868,5.7287e+05,306.19,0.71303,252.85,-0.47017,-3.0561,0,0
0.72317,5.6541e+05,305.04,0.70374,257.54,-0.45892,-2.983,0,0
0.73787,5.5779e+05,303.86,0.69426,262.27,-0.44768,-2.9099,0,0
0.75278,5.5004e+05,302.64,0.68461,267.03,-0.43643,-2.8368,0,0
0.7678,5.4222e+05,301.4,0.67488,271.8,-0.42518,-2.7637,0,0
0.78299,5.3432e+05,300.14,0.66504,276.59,-0.41394,-2.6906,0,0
0.79827,5.2637e+05,298.86,0.65515,281.39,-0.40269,-2.6175,0,0
0.81375,5.1832e+05,297.53,0.64513,286.21,-0.39145,-2.5444,0,0
0.82928,5.1025e+05,296.2,0.63509,291.03,-0.3802,-2.4713,0,0
0.84503,5.021e+05,294.84,0.62495,295.86,-0.36895,-2.3982,0,0
0.86078,4.9395e+05,293.46,0.6148,300.69,-0.35771,-2.3251,0,0
0.87673,4.8575e+05,292.05,0.6046,305.5,-0.34646,-2.252,0,0
0.89267,4.7755e+05,290.64,0.59439,310.32,-0.33522,-2.1789,0,0
0.90892,4.6927e+05,289.17,0.58408,315.16,-0.32397,-2.1058,0,0
0.92518,4.6097e+05,287.71,0.57376,319.99,-0.31272,-2.0327,0,0
0.94157,4.5269e+05,286.21,0.56345,324.8,-0.30148,-1.9596,0,0
0.95798,4.4441e+05,284.71,0.55314,329.6,-0.29023,-1.8865,0,0
0.97457,4.3615e+05,283.17,0.54286,334.39,-0.27898,-1.8134,0,0
0.99118,4.2788e+05,281.63,0.53257,339.18,-0.26774,-1.7403,0,0
1.008,4.1965e+05,280.06,0.52232,343.95,-0.25649,-1.6672,0,0
1.0248,4.1142e+05,278.49,0.51208,348.71,-0.24525,-1.5941,0,0
1.0417,4.0327e+05,276.89,0.50194,353.44,-0.234,-1.521,0,0
1.0586,3.9513e+05,275.29,0.49181,358.16,-0.22275,-1.4479,0,0
1.0757,3.8705e+05,273.66,0.48175,362.85,-0.21151,-1.3748,0,0
1.0929,3.7898e+05,272.02,0.47171,367.54,-0.20026,-1.3017,0,0
1.1101,3.7104e+05,270.36,0.46182,372.18,-0.18902,-1.2286,0,0
1.1273,3.631e+05,268.7,0.45194,376.81,-0.17777,-1.1555,0,0
1.1446,3.5532e+05,267.03,0.44225,381.38,-0.16652,-1.0824,0,0
1.1619,3.4755e+05,265.36,0.43258,385.95,-0.15528,-1.0093,0,0
1.1793,3.3993e+05,263.67,0.4231,390.45,-0.14403,-0.9362,0,0
1.1967,3.3234e+05,261.97,0.41365,394.95,-0.13278,-0.8631,0,0
1.2139,3.2501e+05,260.3,0.40453,399.34,-0.12154,-0.79,0,0
1.2312,3.1769e+05,258.62,0.39542,403.72,-0.11029,-0.7169,0,0
1.2486,3.1045e+05,256.9,0.38641,408.07,-0.099046,-0.6438,0,0
1.266,3.0332e+05,255.21,0.37753,412.39,-0.0878,-0.5707,0,0
1.2831,2.9647e+05,253.55,0.36901,416.59,-0.076554,-0.4976,0,0
1.3003,2.8963e+05,251.87,0.3605,420.79,-0.065308,-0.4245,0,0
1.3177,2.828e+05,250.15,0.352,424.96,-0.054062,-0.3514,0,0
1.3349,2.7617e+05,248.46,0.34374,429.05,-0.042815,-0.2783,0,0
1.352,2.697e+05,246.78,0.33569,433.08,-0.031569,-0.2052,0,0
1.3689,2.6347e+05,245.12,0.32793,437.02,-0.020323,-0.1321,0,0
1.3858,2.5735e+05,243.48,0.32031,440.92,-0.009077,-0.059,0,0
1.4024,2.5147e+05,241.86,0.313,444.71,0.0021692,0.0141,0,0
1.419,2.4565e+05,240.25,0.30575,448.49,0.013415,0.0872,0,0
1.435,2.4022e+05,238.72,0.29899,452.1,0.024661,0.1603,0,0
1.4511,2.3479e+05,237.18,0.29224,455.69,0.035908,0.2334,0,0
1.4672,2.294e+05,235.6,0.28552,459.22,0.047154,0.3065,0,0
1.483,2.2423e+05,234.08,0.27909,462.65,0.0584,0.3796,0,0
1.4983,2.1936e+05,232.62,0.27303,465.97,0.069646,0.4527,0,0
1.5137,2.1451e+05,231.13,0.267,469.26,0.080892,0.5258,0,0
1.5292,2.0967e+05,229.63,0.26097,472.53,0.092138,0.5989,0,0
1.5438,2.0531e+05,228.26,0.25554,475.58,0.10338,0.672,0,0
1.5581,2.0102e+05,226.89,0.2502,478.58,0.11463,0.7451,0,0
1.5725,1.9679e+05,225.51,0.24494,481.52,0.12588,0.8182,0,0
1.5865,1.9276e+05,224.19,0.23992,484.37,0.13712,0.8913,0,0
1.5997,1.8904e+05,222.95,0.23529,487.06,0.14837,0.9644,0,0
1.613,1.8536e+05,221.7,0.23071,489.71,0.15962,1.0375,0,0
1.6262,1.8171e+05,220.44,0.22617,492.33,0.17086,1.1106,0,0
1.6382,1.7853e+05,219.33,0.22221,494.7,0.18211,1.1837,0,0
1.6501,1.7537e+05,218.22,0.21828,497.05,0.19335,1.2568,0,0
1.6619,1.7228e+05,217.11,0.21443,499.33,0.2046,1.3299,0,0
1.6729,1.6946e+05,216.09,0.21092,501.46,0.21585,1.403,0,0
1.6835,1.6681e+05,215.13,0.20762,503.49,0.22709,1.4761,0,0
1.6937,1.6424e+05,214.17,0.20443,505.43,0.23834,1.5492,0,0
1.7036,1.6179e+05,213.26,0.20138,507.31,0.24958,1.6223,0,0
1.7127,1.596e+05,212.43,0.19865,509.03,0.26083,1.6954,0,0
1.7217,1.5745e+05,211.61,0.19598,510.69,0.27208,1.7685,0,0
1.7305,1.5535e+05,210.8,0.19336,512.32,0.28332,1.8416,0,0
1.7384,1.5351e+05,210.09,0.19107,513.79,0.29457,1.9147,0,0
1.7463,1.5168e+05,209.37,0.18879,515.25,0.30582,1.9878,0,0
1.7542,1.4985e+05,208.65,0.18651,516.68,0.31706,2.0609,0,0
1.7615,1.4819e+05,207.98,0.18445,518.02,0.32831,2.134,0,0
1.7689,1.4655e+05,207.33,0.1824,519.35,0.33955,2.2071,0,0
1.7764,1.4485e+05,206.64,0.18029,520.71,0.3508,2.2802,0,0
1.7838,1.4323e+05,205.97,0.17827,522.03,0.36205,2.3533,0,0
1.7912,1.4162e+05,205.31,0.17627,523.36,0.37329,2.4264,0,0
1.7993,1.3987e+05,204.59,0.17409,524.78,0.38454,2.4995,0,0
1.8073,1.3816e+05,203.87,0.17196,526.2,0.39578,2.5726,0,0
1.8154,1.3646e+05,203.15,0.16984,527.64,0.40703,2.6457,0,0
1.8245,1.3456e+05,202.34,0.16748,529.21,0.41828,2.7188,0,0
1.8336,1.3269e+05,201.53,0.16515,530.79,0.42952,2.7919,0,0
1.8428,1.3085e+05,200.73,0.16286,532.38,0.44077,2.865,0,0
1.8531,1.2878e+05,199.82,0.16029,534.12,0.45202,2.9381,0,0
1.8636,1.2669e+05,198.89,0.15769,535.91,0.46326,3.0112,0,0
1.8744,1.2459e+05,197.94,0.15507,537.73,0.47451,3.0843,0,0
1.8858,1.2241e+05,196.94,0.15236,539.63,0.48575,3.1574,0,0
1.8971,1.203e+05,195.97,0.14973,541.52,0.497,3.2305,0,0
1.9085,1.182e+05,194.99,0.14712,543.42,0.50825,3.3036,0,0
1.921,1.1592e+05,193.91,0.14429,545.46,0.51949,3.3767,0,0
1.9333,1.1376e+05,192.87,0.14159,547.46,0.53074,3.4498,0,0
1.9457,1.1158e+05,191.81,0.13889,549.49,0.54198,3.5229,0,0
1.9592,1.0926e+05,190.66,0.136,551.62,0.55323,3.596,0,0
1.9722,1.0709e+05,189.57,0.13329,553.7,0.56448,3.6691,0,0
1.9857,1.0487e+05,188.44,0.13053,555.82,0.57572,3.7422,0,0
2,1.0253e+05,187.23,0.12762,558.05,0.58697,3.8153,0,0
2.0147,1.0023e+05,186.02,0.12475,560.3,0.59822,3.8884,0,0
2.0291,98018,184.83,0.122,562.51,0.60946,3.9615,0,0
2.0437,95822,183.64,0.11927,564.72,0.62071,4.0346,0,0
2.0591,93504,182.37,0.11638,567.03,0.63195,4.1077,0,0
2.0741,91364,181.17,0.11372,569.25,0.6432,4.1808,0,0
2.0897,89147,179.9,0.11096,571.54,0.65445,4.2539,0,0
2.106,86884,178.59,0.10814,573.9,0.66569,4.327,0,0
2.1217,84790,177.35,0.10553,576.17,0.67694,4.4001,0,0
2.1386,82579,176.02,0.10278,578.54,0.68818,4.4732,0,0
2.1552,80449,174.71,0.10013,580.88,0.69943,4.5463,0,0
2.1717,78399,173.43,0.097581,583.18,0.71068,4.6194,0,0
2.1893,76238,172.06,0.094891,585.58,0.72192,4.6925,0,0
2.206,74283,170.78,0.092457,587.86,0.73317,4.7656,0,0
2.2236,72257,169.44,0.089936,590.21,0.74442,4.8387,0,0
2.2417,70218,168.07,0.087397,592.6,0.75566,4.9118,0,0
2.2597,68247,166.72,0.084944,594.96,0.76691,4.9849,0,0
2.2769,66441,165.45,0.082696,597.2,0.77815,5.058,0,0
2.2952,64556,164.1,0.080351,599.53,0.7894,5.1311,0,0
2.3137,62702,162.74,0.078042,601.85,0.80065,5.2042,0,0
2.3321,60905,161.4,0.075806,604.15,0.81189,5.2773,0,0
2.3505,59160,160.07,0.073635,606.41,0.82314,5.3504,0,0
2.3678,57590,158.86,0.07168,608.54,0.83438,5.4235,0,0
2.3865,55922,157.53,0.069605,610.77,0.84563,5.4966,0,0
2.4043,54386,156.29,0.067693,612.91,0.85688,5.5697,0,0
2.4226,52855,155.03,0.065787,615.06,0.86812,5.6428,0,0
2.4412,51331,153.74,0.06389,617.22,0.87937,5.7159,0,0
2.4591,49924,152.53,0.062139,619.29,0.89062,5.789,0,0
2.4782,48439,151.23,0.06029,621.44,0.90186,5.8621,0,0
2.4962,47114,150.03,0.05864,623.47,0.91311,5.9352,0,0
2.5151,45743,148.78,0.056935,625.54,0.92435,6.0083,0,0
2.5334,44458,147.57,0.055335,627.55,0.9356,6.0814,0,0
2.5519,43197,146.37,0.053766,629.54,0.94685,6.1545,0,0
2.571,41926,145.13,0.052184,631.56,0.95809,6.2276,0,0
2.59,40704,143.91,0.050663,633.55,0.96934,6.3007,0,0
2.6088,39528,142.71,0.049199,635.5,0.98058,6.3738,0,0
2.6266,38462,141.6,0.047872,637.34,0.99183,6.4469,0,0
2.6459,37321,140.4,0.046452,639.27,1.0031,6.52,0,0
2.6637,36314,139.3,0.045198,641.07,1.0143,6.5931,0,0
2.6826,35263,138.15,0.04389,642.94,1.0256,6.6662,0,0
2.7007,34298,137.06,0.042689,644.71,1.0368,6.7393,0,0
2.7192,33330,135.95,0.041485,646.49,1.0481,6.8124,0,0
2.7379,32382,134.83,0.040304,648.26,1.0593,6.8855,0,0
2.7556,31516,133.8,0.039227,649.94,1.0706,6.9586,0,0
2.7736,30655,132.74,0.038155,651.62,1.0818,7.0317,0,0
2.7914,29831,131.72,0.03713,653.26,1.093,7.1048,0,0
2.8093,29026,130.7,0.036127,654.89,1.1043,7.1779,0,0
2.8278,28213,129.64,0.035115,656.54,1.1155,7.251,0,0
2.8456,27459,128.65,0.034178,658.12,1.1268,7.3241,0,0
2.8634,26722,127.65,0.03326,659.69,1.138,7.3972,0,0
2.8814,25998,126.66,0.032358,661.25,1.1493,7.4703,0,0
2.8988,25322,125.71,0.031517,662.74,1.1605,7.5434,0,0
2.9166,24643,124.74,0.030672,664.24,1.1718,7.6165,0,0
2.9342,23996,123.8,0.029867,665.71,1.183,7.6896,0,0
2.9509,23401,122.91,0.029126,667.1,1.1943,7.7627,0,0
2.9682,22797,122,0.028374,668.52,1.2055,7.8358,0,0
2.9849,22233,121.13,0.027672,669.88,1.2168,7.9089,0,0
3.0023,21653,120.23,0.02695,671.28,1.228,7.982,0,0
3.0199,21087,119.32,0.026247,672.67,1.2392,8.0551,0,0
3.0364,20575,118.49,0.025609,673.98,1.2505,8.1282,0,0
3.054,20036,117.6,0.024938,675.34,1.2617,8.2013,0,0
3.071,19537,116.75,0.024316,676.64,1.273,8.2744,0,0
3.0874,19068,115.95,0.023733,677.89,1.2842,8.3475,0,0
3.1039,18602,115.14,0.023154,679.14,1.2955,8.4206,0,0
3.1203,18152,114.34,0.022593,680.36,1.3067,8.4937,0,0
3.1362,17730,113.58,0.022068,681.54,1.318,8.5668,0,0
3.1529,17294,112.78,0.021526,682.74,1.3292,8.6399,0,0
3.1686,16900,112.03,0.021035,683.88,1.3405,8.713,0,0
3.1853,16488,111.25,0.020522,685.07,1.3517,8.7861,0,0
3.2013,16105,110.51,0.020045,686.21,1.363,8.8592,0,0
3.2182,15707,109.72,0.01955,687.39,1.3742,8.9323,0,0
3.2342,15344,108.99,0.019098,688.5,1.3854,9.0054,0,0
3.2508,14974,108.23,0.018637,689.63,1.3967,9.0785,0,0
3.2667,14632,107.52,0.018212,690.71,1.4079,9.1516,0,0
3.2823,14302,106.82,0.017801,691.76,1.4192,9.2247,0,0
3.2983,13971,106.11,0.017389,692.82,1.4304,9.2978,0,0
3.3134,13670,105.45,0.017015,693.81,1.4417,9.3709,0,0
3.3287,13368,104.78,0.016639,694.81,1.4529,9.444,0,0
3.3443,13068,104.11,0.016266,695.81,1.4642,9.5171,0,0
3.3593,12790,103.47,0.015919,696.78,1.4754,9.5902,0,0
3.3749,12503,102.8,0.015562,697.76,1.4867,9.6633,0,0
3.3905,12225,102.15,0.015216,698.74,1.4979,9.7364,0,0
3.4056,11963,101.52,0.01489,699.68,1.5092,9.8095,0,0
3.421,11699,100.87,0.014561,700.63,1.5204,9.8826,0,0
3.4364,11443,100.24,0.014242,701.57,1.5316,9.9557,0,0
3.4512,11204,99.639,0.013945,702.46,1.5429,10.029,0,0
3.4663,10964,99.026,0.013646,703.36,1.5541,10.102,0,0
3.4813,10730,98.421,0.013356,704.25,1.5654,10.175,0,0
3.4956,10515,97.851,0.013087,705.1,1.5766,10.248,0,0
3.5104,10296,97.265,0.012816,705.96,1.5879,10.321,0,0
3.5235,10104,96.752,0.012576,706.72,1.5991,10.394,0,0
3.5588,9727.4,95.346,0.012107,708.6,1.6104,10.467,0,0
0.54366,1.1575e+05,314.23,0.14407,196.32,1.6216,10.54,0,0
0.40374,1.423e+05,325.93,0.17711,148.63,1.6329,10.614,0,0
0.40612,1.4363e+05,325.83,0.17877,149.48,1.6441,10.687,0,0
0.39437,1.4489e+05,326.51,0.18034,145.31,1.6554,10.76,0,0
0.38328,1.4581e+05,327.04,0.18148,141.34,1.6666,10.833,0,0
0.37284,1.4672e+05,327.57,0.18261,137.6,1.6778,10.906,0,0
0.363,1.4756e+05,328.08,0.18366,134.07,1.6891,10.979,0,0
0.35373,1.4823e+05,328.51,0.1845,130.73,1.7003,11.052,0,0
0.3449,1.4894e+05,328.99,0.18538,127.56,1.7116,11.125,0,0
0.33657,1.4953e+05,329.41,0.18612,124.56,1.7228,11.198,0,0
0.32876,1.5002e+05,329.77,0.18673,121.74,1.7341,11.271,0,0
0.32144,1.5055e+05,330.15,0.18738,119.09,1.7453,11.345,0,0
0.31465,1.5105e+05,330.52,0.188,116.64,1.7566,11.418,0,0
0.30841,1.5141e+05,330.79,0.18845,114.38,1.7678,11.491,0,0
0.30241,1.5184e+05,331.11,0.18899,112.21,1.7791,11.564,0,0
0.2969,1.5215e+05,331.34,0.18937,110.2,1.7903,11.637,0,0
0.29163,1.525e+05,331.59,0.18981,108.29,1.8016,11.71,0,0
0.28677,1.5279e+05,331.79,0.19017,106.52,1.8128,11.783,0,0
0.28225,1.5306e+05,331.97,0.19051,104.86,1.824,11.856,0,0
0.27796,1.5333e+05,332.13,0.19084,103.3,1.8353,11.929,0,0
0.27399,1.5352e+05,332.25,0.19109,101.84,1.8465,12.002,0,0
0.27031,1.5376e+05,332.37,0.19138,100.49,1.8578,12.076,0,0
0.26681,1.54e+05,332.5,0.19167,99.206,1.869,12.149,0,0
0.26349,1.5422e+05,332.62,0.19195,97.991,1.8803,12.222,0,0
0.2604,1.5438e+05,332.7,0.19215,96.85,1.8915,12.295,0,0
0.25738,1.5457e+05,332.8,0.19239,95.744,1.9028,12.368,0,0
0.2545,1.5473e+05,332.87,0.19259,94.683,1.914,12.441,0,0
0.25175,1.5486e+05,332.94,0.19275,93.67,1.9253,12.514,0,0
0.24915,1.5502e+05,333.02,0.19295,92.714,1.9365,12.587,0,0
0.24669,1.5518e+05,333.11,0.19314,91.807,1.9478,12.66,0,0
0.24429,1.5532e+05,333.19,0.19333,90.927,1.959,12.733,0,0
0.24206,1.5542e+05,333.25,0.19345,90.106,1.9702,12.807,0,0
0.23992,1.5553e+05,333.31,0.19358,89.317,1.9815,12.88,0,0
0.23785,1.5565e+05,333.38,0.19373,88.555,1.9927,12.953,0,0
0.23592,1.5577e+05,333.46,0.19389,87.845,2.004,13.026,0,0
0.23404,1.5588e+05,333.52,0.19402,87.154,2.0152,13.099,0,0
0.23225,1.5595e+05,333.56,0.19411,86.496,2.0265,13.172,0,0
0.23054,1.5604e+05,333.61,0.19422,85.864,2.0377,13.245,0,0
0.22887,1.5614e+05,333.67,0.19434,85.248,2.049,13.318,0,0
0.2273,1.5623e+05,333.73,0.19446,84.673,2.0602,13.391,0,0
0.22579,1.5632e+05,333.78,0.19456,84.116,2.0715,13.464,0,0
0.22441,1.5637e+05,333.81,0.19463,83.605,2.0827,13.538,0,0
0.22309,1.5642e+05,333.85,0.19469,83.118,2.094,13.611,0,0
0.22186,1.5648e+05,333.88,0.19477,82.663,2.1052,13.684,0,0
0.22068,1.5654e+05,333.91,0.19485,82.227,2.1164,13.757,0,0
0.21953,1.5661e+05,333.95,0.19492,81.804,2.1277,13.83,0,0
0.21843,1.5665e+05,333.97,0.19497,81.398,2.1389,13.903,0,0
0.21736,1.5668e+05,333.98,0.19501,80.998,2.1502,13.976,0,0
0.21622,1.5671e+05,334,0.19506,80.577,2.1614,14.049,0,0
0.21507,1.5675e+05,334.02,0.1951,80.152,2.1727,14.122,0,0
0.21392,1.5677e+05,334.04,0.19513,79.725,2.1839,14.195,0,0
0.21277,1.5678e+05,334.05,0.19514,79.299,2.1952,14.269,0,0
0.2118,1.5678e+05,334.06,0.19513,78.937,2.2064,14.342,0,0
0.21088,1.5676e+05,334.05,0.19511,78.592,2.2177,14.415,0,0
0.21024,1.5674e+05,334.04,0.19509,78.353,2.2289,14.488,0,0
0.20974,1.5671e+05,334.02,0.19505,78.166,2.2402,14.561,0,0
0.20954,1.5667e+05,334,0.195,78.086,2.2514,14.634,0,0
0.20955,1.5662e+05,333.97,0.19494,78.087,2.2626,14.707,0,0
0.2098,1.5656e+05,333.93,0.19486,78.176,2.2739,14.78,0,0
0.21032,1.5649e+05,333.89,0.19478,78.366,2.2851,14.853,0,0
0.21093,1.5641e+05,333.84,0.19468,78.588,2.2964,14.926,0,0
0.21193,1.5632e+05,333.78,0.19456,78.954,2.3076,15,0,0
0.21294,1.5622e+05,333.72,0.19444,79.319,2.3189,15.073,0,0
0.21435,1.561e+05,333.64,0.1943,79.838,2.3301,15.146,0,0
0.21585,1.5598e+05,333.56,0.19414,80.387,2.3414,15.219,0,0
0.21763,1.5584e+05,333.46,0.19397,81.037,2.3526,15.292,0,0
0.21971,1.5567e+05,333.34,0.19376,81.795,2.3639,15.365,0,0
0.22187,1.5551e+05,333.23,0.19355,82.587,2.3751,15.438,0,0
0.22464,1.5532e+05,333.11,0.19332,83.602,2.3864,15.511,0,0
0.22741,1.5512e+05,332.98,0.19308,84.618,2.3976,15.584,0,0
0.23079,1.5488e+05,332.84,0.19278,85.857,2.4088,15.657,0,0
0.23447,1.5462e+05,332.69,0.19245,87.207,2.4201,15.731,0,0
0.23823,1.5435e+05,332.53,0.19212,88.583,2.4313,15.804,0,0
0.24295,1.5405e+05,332.38,0.19173,90.316,2.4426,15.877,0,0
0.24766,1.5374e+05,332.22,0.19135,92.049,2.4538,15.95,0,0
0.25301,1.5335e+05,332.02,0.19087,94.006,2.4651,16.023,0,0
0.25907,1.5287e+05,331.75,0.19027,96.218,2.4763,16.096,0,0
0.26513,1.5239e+05,331.49,0.18968,98.43,2.4876,16.169,0,0
0.27239,1.5189e+05,331.26,0.18905,101.09,2.4988,16.242,0,0
0.27983,1.5138e+05,331.02,0.18842,103.82,2.5101,16.315,0,0
0.2875,1.5083e+05,330.76,0.18774,106.62,2.5213,16.389,0,0
0.29664,1.5003e+05,330.3,0.18674,109.93,2.5326,16.462,0,0
0.30578,1.4923e+05,329.83,0.18574,113.24,2.5438,16.535,0,0
0.31535,1.4844e+05,329.4,0.18475,116.71,2.555,16.608,0,0
0.32603,1.4767e+05,329.05,0.1838,120.59,2.5663,16.681,0,0
0.33672,1.469e+05,328.7,0.18284,124.48,2.5775,16.754,0,0
0.34835,1.4593e+05,328.2,0.18164,128.68,2.5888,16.827,0,0
0.36125,1.447e+05,327.48,0.1801,133.29,2.6,16.9,0,0
0.37415,1.4346e+05,326.77,0.17856,137.91,2.6113,16.973,0,0
0.38786,1.4232e+05,326.22,0.17714,142.84,2.6225,17.046,0,0
0.40216,1.4123e+05,325.78,0.17579,148,2.6338,17.119,0,0
0.41645,1.4015e+05,325.34,0.17444,153.17,2.645,17.193,0,0
0.43155,1.3881e+05,324.67,0.17278,158.55,2.6563,17.266,0,0
0.4475,1.3721e+05,323.76,0.17078,164.17,2.6675,17.339,0,0
0.46346,1.356e+05,322.84,0.16878,169.79,2.6788,17.412,0,0
0.47967,1.3403e+05,321.99,0.16682,175.5,2.69,17.485,0,0
0.49629,1.325e+05,321.23,0.16492,181.36,2.7012,17.558,0,0
0.51292,1.3098e+05,320.47,0.16302,187.22,2.7125,17.631,0,0
0.52983,1.2936e+05,319.6,0.16101,193.13,2.7237,17.704,0,0
0.54746,1.2752e+05,318.45,0.15872,199.18,2.735,17.777,0,0
0.5651,1.2568e+05,317.3,0.15643,205.23,2.7462,17.851,0,0
0.58274,1.2384e+05,316.15,0.15414,211.28,2.7575,17.924,0,0
0.60125,1.2193e+05,314.95,0.15177,217.55,2.7687,17.997,0,0
0.61975,1.2003e+05,313.75,0.14939,223.81,2.78,18.07,0,0
0.63826,1.1812e+05,312.55,0.14702,230.08,2.7912,18.143,0,0
0.65718,1.1609e+05,311.16,0.14449,236.35,2.8025,18.216,0,0
0.67632,1.1399e+05,309.66,0.14188,242.63,2.8137,18.289,0,0
0.69546,1.1189e+05,308.16,0.13927,248.91,2.825,18.362,0,0
0.71458,1.0981e+05,306.67,0.13668,255.15,2.8362,18.435,0,0
0.73368,1.0775e+05,305.2,0.13412,261.31,2.8474,18.508,0,0
0.75278,1.057e+05,303.74,0.13156,267.47,2.8587,18.581,0,0
0.77188,1.0364e+05,302.27,0.129,273.64,2.8699,18.655,0,0
0.79102,1.0159e+05,300.74,0.12645,279.68,2.8812,18.728,0,0
0.81018,99549,299.19,0.12391,285.7,2.8924,18.801,0,0
0.82934,97504,297.64,0.12136,291.71,2.9037,18.874,0,0
0.84848,95469,296.08,0.11883,297.69,2.9149,18.947,0,0
0.86759,93471,294.45,0.11634,303.52,2.9262,19.02,0,0
0.8867,91473,292.82,0.11385,309.34,2.9374,19.093,0,0
0.90581,89476,291.2,0.11137,315.16,2.9487,19.166,0,0
0.92466,87537,289.53,0.10895,320.79,2.9599,19.239,0,0
0.94334,85638,287.85,0.10659,326.28,2.9712,19.312,0,0
0.96202,83740,286.16,0.10423,331.78,2.9824,19.386,0,0
0.9807,81841,284.47,0.10186,337.27,2.9936,19.459,0,0
0.99893,80037,282.78,0.099619,342.49,3.0049,19.532,0,0
1.017,78260,281.08,0.097407,347.62,3.0161,19.605,0,0
1.0351,76483,279.39,0.095196,352.76,3.0274,19.678,0,0
1.0533,74707,277.69,0.092985,357.89,3.0386,19.751,0,0
1.0708,73061,276.03,0.090936,362.72,3.0499,19.824,0,0
1.0883,71425,274.37,0.0889,367.51,3.0611,19.897,0,0
1.1058,69788,272.71,0.086863,372.31,3.0724,19.97,0,0
1.1233,68155,271.04,0.08483,377.1,3.0836,20.043,0,0
1.1401,66671,269.42,0.082983,381.55,3.0949,20.117,0,0
1.157,65188,267.8,0.081137,385.99,3.1061,20.19,0,0
1.1738,63704,266.18,0.07929,390.44,3.1174,20.263,0,0
1.1906,62221,264.56,0.077444,394.88,3.1286,20.336,0,0
1.2068,60870,262.99,0.075762,399.01,3.1398,20.409,0,0
1.2229,59530,261.42,0.074095,403.11,3.1511,20.482,0,0
1.239,58190,259.85,0.072428,407.21,3.1623,20.555,0,0
1.2551,56851,258.29,0.07076,411.31,3.1736,20.628,0,0
1.2702,55662,256.81,0.069281,415.03,3.1848,20.701,0,0
1.2851,54505,255.36,0.067841,418.67,3.1961,20.774,0,0
1.3,53348,253.9,0.066401,422.32,3.2073,20.848,0,0
1.3148,52191,252.45,0.064961,425.96,3.2186,20.921,0,0
1.329,51127,251.07,0.063636,429.36,3.2298,20.994,0,0
1.3424,50145,249.76,0.062414,432.55,3.2411,21.067,0,0
1.3559,49162,248.45,0.061191,435.73,3.2523,21.14,0,0
1.3693,48180,247.13,0.059968,438.92,3.2636,21.213,0,0
1.3825,47232,245.86,0.058788,442.01,3.2748,21.286,0,0
1.3942,46432,244.72,0.057792,444.71,3.286,21.359,0,0
1.406,45631,243.58,0.056795,447.4,3.2973,21.432,0,0
1.4177,44830,242.45,0.055799,450.1,3.3085,21.505,0,0
1.4295,44029,241.31,0.054802,452.8,3.3198,21.579,0,0
1.4396,43354,240.34,0.053961,455.05,3.331,21.652,0,0
1.449,42725,239.42,0.053178,457.14,3.3423,21.725,0,0
1.4584,42096,238.5,0.052395,459.22,3.3535,21.798,0,0
1.4678,41466,237.58,0.051612,461.31,3.3648,21.871,0,0
1.4768,40874,236.71,0.050874,463.32,3.376,21.944,0,0
1.4837,40505,236.15,0.050415,464.89,3.3873,22.017,0,0
1.4905,40136,235.58,0.049955,466.46,3.3985,22.09,0,0
1.4973,39767,235.01,0.049496,468.03,3.4098,22.163,0,0
1.5041,39398,234.44,0.049037,469.61,3.421,22.236,0,0
1.5084,39192,234.05,0.048781,470.55,3.4322,22.31,0,0
1.5099,39164,233.83,0.048746,470.81,3.4435,22.383,0,0
1.5115,39136,233.61,0.048711,471.07,3.4547,22.456,0,0
1.513,39107,233.39,0.048676,471.33,3.466,22.529,0,0
1.5145,39079,233.18,0.04864,471.59,3.4772,22.602,0,0
1.5212,39043,232.32,0.048595,472.76,3.4885,22.675,0,0
1.5307,39002,231.1,0.048544,474.45,3.4997,22.748,0,0
1.5402,38961,229.88,0.048493,476.13,3.511,22.821,0,0
1.5498,38919,228.66,0.048442,477.81,3.5222,22.894,0,0
1.5593,38878,227.43,0.04839,479.49,3.5335,22.968,0,0
1.5365,40225,229.61,0.050067,474.49,3.5447,23.041,0,0
1.5033,42026,232.89,0.052308,467.3,3.556,23.114,0,0
1.47,43827,236.17,0.054549,460.11,3.5672,23.187,0,0
1.4367,45627,239.45,0.05679,452.92,3.5784,23.26,0,0
1.4034,47428,242.74,0.059032,445.73,3.5897,23.333,0,0
1.3487,51204,248.06,0.063732,432.26,3.6009,23.406,0,0
1.2832,55967,254.41,0.069661,415.65,3.6122,23.479,0,0
1.2177,60730,260.76,0.075589,399.04,3.6234,23.552,0,0
1.1523,65494,267.1,0.081517,382.43,3.6347,23.625,0,0
1.0868,70257,273.45,0.087446,365.82,3.6459,23.698,0,0
1.0375,74316,278.18,0.092498,352.66,3.6572,23.772,0,0
1.0027,77744,281.47,0.096766,342.59,3.6684,23.845,0,0
0.96792,81173,284.76,0.10103,332.53,3.6797,23.918,0,0
0.93313,84602,288.04,0.1053,322.46,3.6909,23.991,0,0
0.89834,88031,291.33,0.10957,312.39,3.7022,24.064,0,0
0.86716,91081,294.25,0.11336,303.31,3.7134,24.137,0,0
0.85112,92540,295.61,0.11518,298.33,3.7246,24.21,0,0
0.83507,94000,296.98,0.117,293.35,3.7359,24.283,0,0
0.81903,95460,298.35,0.11882,288.37,3.7471,24.356,0,0
0.80298,96919,299.71,0.12063,283.39,3.7584,24.43,0,0
0.78694,98379,301.08,0.12245,278.42,3.7696,24.503,0,0
0.77378,99559,302.17,0.12392,274.24,3.7809,24.576,0,0
0.76144,1.0066e+05,303.18,0.12529,270.3,3.7921,24.649,0,0
0.7491,1.0176e+05,304.19,0.12666,266.35,3.8034,24.722,0,0
0.73676,1.0286e+05,305.2,0.12802,262.4,3.8146,24.795,0,0
0.72442,1.0396e+05,306.21,0.12939,258.46,3.8259,24.868,0,0
0.71252,1.0502e+05,307.17,0.13072,254.64,3.8371,24.941,0,0
0.70245,1.0594e+05,307.94,0.13185,251.33,3.8484,25.014,0,0
0.69238,1.0685e+05,308.7,0.13299,248.03,3.8596,25.087,0,0
0.68232,1.0776e+05,309.47,0.13413,244.72,3.8708,25.16,0,0
0.67225,1.0867e+05,310.24,0.13526,241.42,3.8821,25.234,0,0
0.66218,1.0959e+05,311,0.1364,238.11,3.8933,25.307,0,0
0.65343,1.1045e+05,311.67,0.13747,235.22,3.9046,25.38,0,0
0.64609,1.1126e+05,312.24,0.13848,232.78,3.9158,25.453,0,0
0.63875,1.1206e+05,312.81,0.13948,230.34,3.9271,25.526,0,0
0.6314,1.1287e+05,313.38,0.14048,227.9,3.9383,25.599,0,0
0.62406,1.1367e+05,313.95,0.14149,225.46,3.9496,25.672,0,0
0.61672,1.1448e+05,314.51,0.14249,223.02,3.9608,25.745,0,0
0.6106,1.1534e+05,314.99,0.14356,220.97,3.9721,25.818,0,0
0.60515,1.1622e+05,315.42,0.14466,219.14,3.9833,25.892,0,0
0.59969,1.1711e+05,315.86,0.14576,217.31,3.9946,25.965,0,0
0.59423,1.18e+05,316.29,0.14687,215.48,4.0058,26.038,0,0
0.58877,1.1888e+05,316.72,0.14797,213.65,4.017,26.111,0,0
0.58331,1.1977e+05,317.15,0.14907,211.82,4.0283,26.184,0,0
0.57882,1.2066e+05,317.52,0.15018,210.31,4.0395,26.257,0,0
0.57489,1.2156e+05,317.84,0.1513,208.99,4.0508,26.33,0,0
0.57097,1.2246e+05,318.17,0.15243,207.67,4.062,26.403,0,0
0.56704,1.2336e+05,318.5,0.15355,206.35,4.0733,26.476,0,0
0.56312,1.2426e+05,318.83,0.15467,205.03,4.0845,26.549,0,0
0.55919,1.2516e+05,319.16,0.15579,203.71,4.0958,26.622,0,0
0.55737,1.2599e+05,319.34,0.15681,203.1,4.107,26.696,0,0
0.55751,1.2674e+05,319.37,0.15775,203.16,4.1183,26.769,0,0
0.55764,1.2749e+05,319.4,0.15868,203.22,4.1295,26.842,0,0
0.55777,1.2824e+05,319.43,0.15962,203.28,4.1408,26.915,0,0
0.55791,1.29e+05,319.47,0.16056,203.34,4.152,26.988,0,0
0.55804,1.2975e+05,319.5,0.16149,203.4,4.1632,27.061,0,0
0.55744,1.3052e+05,319.59,0.16245,203.21,4.1745,27.134,0,0
0.55371,1.3137e+05,319.93,0.16351,201.95,4.1857,27.207,0,0
0.54998,1.3222e+05,320.27,0.16457,200.69,4.197,27.28,0,0
0.54624,1.3307e+05,320.61,0.16563,199.43,4.2082,27.354,0,0
0.54251,1.3392e+05,320.95,0.16668,198.18,4.2195,27.427,0,0
0.53878,1.3477e+05,321.29,0.16774,196.92,4.2307,27.5,0,0
0.53504,1.3562e+05,321.63,0.1688,195.66,4.242,27.573,0,0
0.53521,1.3622e+05,321.66,0.16955,195.73,4.2532,27.646,0,0
0.5368,1.3673e+05,321.58,0.17019,196.29,4.2645,27.719,0,0
0.5384,1.3724e+05,321.49,0.17082,196.85,4.2757,27.792,0,0
0.53999,1.3776e+05,321.41,0.17146,197.41,4.287,27.865,0,0
0.54159,1.3827e+05,321.33,0.1721,197.96,4.2982,27.938,0,0
0.54318,1.3878e+05,321.24,0.17274,198.52,4.3094,28.011,0,0
0.54429,1.393e+05,321.2,0.17338,198.91,4.3207,28.084,0,0
0.54272,1.3984e+05,321.37,0.17406,198.39,4.3319,28.158,0,0
0.54115,1.4039e+05,321.54,0.17474,197.86,4.3432,28.231,0,0
0.53957,1.4093e+05,321.7,0.17541,197.34,4.3544,28.304,0,0
0.538,1.4148e+05,321.87,0.17609,196.82,4.3657,28.377,0,0
0.53643,1.4202e+05,322.04,0.17677,196.3,4.3769,28.45,0,0
0.53486,1.4257e+05,322.21,0.17745,195.77,4.3882,28.523,0,0
0.53532,1.4301e+05,322.22,0.178,195.94,4.3994,28.596,0,0
0.53892,1.4329e+05,321.99,0.17834,197.19,4.4107,28.669,0,0
0.54252,1.4356e+05,321.76,0.17869,198.43,4.4219,28.742,0,0
0.54612,1.4384e+05,321.53,0.17904,199.68,4.4332,28.816,0,0
0.54971,1.4412e+05,321.3,0.17938,200.92,4.4444,28.889,0,0
0.55331,1.444e+05,321.07,0.17973,202.16,4.4556,28.962,0,0
0.55691,1.4468e+05,320.84,0.18008,203.41,4.4669,29.035,0,0
0.55827,1.4497e+05,320.78,0.18044,203.89,4.4781,29.108,0,0
0.55812,1.4527e+05,320.82,0.18081,203.85,4.4894,29.181,0,0
0.55797,1.4556e+05,320.87,0.18118,203.81,4.5006,29.254,0,0
0.55782,1.4586e+05,320.92,0.18154,203.77,4.5119,29.327,0,0
0.55767,1.4615e+05,320.97,0.18191,203.73,4.5231,29.4,0,0
0.55751,1.4645e+05,321.02,0.18228,203.69,4.5344,29.473,0,0
0.55736,1.4675e+05,321.07,0.18265,203.65,4.5456,29.546,0,0
0.56074,1.4676e+05,320.86,0.18267,204.81,4.5569,29.62,0,0
0.56519,1.4669e+05,320.57,0.18258,206.34,4.5681,29.693,0,0
0.56963,1.4662e+05,320.29,0.1825,207.87,4.5794,29.766,0,0
0.57407,1.4656e+05,320.01,0.18241,209.4,4.5906,29.839,0,0
0.57851,1.4649e+05,319.72,0.18233,210.92,4.6018,29.912,0,0
0.58296,1.4642e+05,319.44,0.18224,212.45,4.6131,29.985,0,0
0.5874,1.4635e+05,319.15,0.18216,213.98,4.6243,30.058,0,0
0.59246,1.459e+05,318.83,0.18159,215.71,4.6356,30.131,0,0
0.59757,1.4542e+05,318.5,0.181,217.45,4.6468,30.204,0,0
0.60267,1.4494e+05,318.17,0.1804,219.19,4.6581,30.278,0,0
0.60777,1.4447e+05,317.83,0.17981,220.93,4.6693,30.351,0,0
0.61287,1.4399e+05,317.5,0.17922,222.67,4.6806,30.424,0,0
0.61798,1.4351e+05,317.17,0.17862,224.42,4.6918,30.497,0,0
0.62337,1.4298e+05,316.82,0.17797,226.25,4.7031,30.57,0,0
0.63107,1.4206e+05,316.27,0.17682,228.84,4.7143,30.643,0,0
0.63877,1.4114e+05,315.73,0.17567,231.42,4.7256,30.716,0,0
0.64647,1.4021e+05,315.19,0.17452,234,4.7368,30.789,0,0
0.65416,1.3929e+05,314.64,0.17337,236.58,4.748,30.862,0,0
0.66186,1.3837e+05,314.1,0.17222,239.17,4.7593,30.935,0,0
0.66956,1.3744e+05,313.56,0.17107,241.75,4.7705,31.008,0,0
0.67766,1.3647e+05,312.98,0.16986,244.45,4.7818,31.082,0,0
0.68675,1.3535e+05,312.3,0.16847,247.45,4.793,31.155,0,0
0.69585,1.3424e+05,311.63,0.16709,250.44,4.8043,31.228,0,0
0.70494,1.3313e+05,310.96,0.1657,253.44,4.8155,31.301,0,0
0.71404,1.3202e+05,310.28,0.16432,256.43,4.8268,31.374,0,0
0.72313,1.3091e+05,309.61,0.16293,259.43,4.838,31.447,0,0
0.73222,1.2979e+05,308.94,0.16155,262.42,4.8493,31.52,0,0
0.7422,1.2858e+05,308.14,0.16003,265.65,4.8605,31.593,0,0
0.75321,1.2724e+05,307.19,0.15837,269.14,4.8718,31.666,0,0
0.76422,1.259e+05,306.25,0.1567,272.64,4.883,31.74,0,0
0.77523,1.2456e+05,305.31,0.15503,276.14,4.8942,31.813,0,0
0.78625,1.2322e+05,304.36,0.15337,279.63,4.9055,31.886,0,0
0.79726,1.2188e+05,303.42,0.1517,283.13,4.9167,31.959,0,0
0.80827,1.2054e+05,302.48,0.15003,286.63,4.928,32.032,0,0
0.81991,1.1916e+05,301.48,0.14831,290.26,4.9392,32.105,0,0
0.83191,1.1774e+05,300.44,0.14655,293.97,4.9505,32.178,0,0
0.84391,1.1633e+05,299.41,0.14479,297.68,4.9617,32.251,0,0
0.85591,1.1492e+05,298.38,0.14304,301.39,4.973,32.324,0,0
0.86792,1.1351e+05,297.35,0.14128,305.1,4.9842,32.397,0,0
0.87992,1.121e+05,296.31,0.13952,308.81,4.9955,32.471,0,0
0.89192,1.1068e+05,295.28,0.13776,312.52,5.0067,32.544,0,0
0.90412,1.0929e+05,294.21,0.13602,316.18,5.018,32.617,0,0
0.91637,1.0789e+05,293.12,0.13429,319.84,5.0292,32.69,0,0
0.92861,1.065e+05,292.03,0.13255,323.49,5.0404,32.763,0,0
0.94086,1.051e+05,290.94,0.13082,327.14,5.0517,32.836,0,0
0.9531,1.0371e+05,289.85,0.12908,330.79,5.0629,32.909,0,0
0.96535,1.0231e+05,288.76,0.12734,334.45,5.0742,32.982,0,0
0.97759,1.0092e+05,287.67,0.12561,338.1,5.0854,33.055,0,0
0.98986,99569,286.54,0.12393,341.62,5.0967,33.128,0,0
1.0021,98222,285.41,0.12225,345.14,5.1079,33.201,0,0
1.0144,96875,284.27,0.12058,348.65,5.1192,33.275,0,0
1.0267,95528,283.14,0.1189,352.17,5.1304,33.348,0,0
1.039,94181,282.01,0.11722,355.69,5.1417,33.421,0,0
1.0512,92834,280.87,0.11555,359.2,5.1529,33.494,0,0
1.0635,91498,279.73,0.11388,362.68,5.1642,33.567,0,0
1.0755,90225,278.55,0.1123,365.97,5.1754,33.64,0,0
1.0876,88953,277.36,0.11072,369.25,5.1866,33.713,0,0
1.0997,87680,276.17,0.10913,372.54,5.1979,33.786,0,0
1.1118,86407,274.99,0.10755,375.83,5.2091,33.859,0,0
1.1238,85135,273.8,0.10596,379.11,5.2204,33.932,0,0
1.1359,83862,272.62,0.10438,382.4,5.2316,34.006,0,0
1.1477,82635,271.46,0.10285,385.58,5.2429,34.079,0,0
1.1591,81506,270.35,0.10145,388.54,5.2541,34.152,0,0
1.1704,80377,269.25,0.10004,391.51,5.2654,34.225,0,0
1.1817,79247,268.14,0.098636,394.47,5.2766,34.298,0,0
1.193,78118,267.04,0.097231,397.44,5.2879,34.371,0,0
1.2043,76989,265.93,0.095825,400.4,5.2991,34.444,0,0
1.2156,75860,264.83,0.09442,403.36,5.3104,34.517,0,0
1.2264,74816,263.78,0.093121,406.13,5.3216,34.59,0,0
1.2366,73861,262.79,0.091931,408.69,5.3328,34.664,0,0
1.2467,72905,261.79,0.090742,411.25,5.3441,34.737,0,0
1.2569,71950,260.8,0.089553,413.82,5.3553,34.81,0,0
1.2671,70994,259.8,0.088364,416.38,5.3666,34.883,0,0
1.2773,70039,258.81,0.087175,418.94,5.3778,34.956,0,0
1.2874,69084,257.82,0.085986,421.51,5.3891,35.029,0,0
1.2966,68252,256.92,0.08495,423.77,5.4003,35.102,0,0
1.3053,67482,256.07,0.083992,425.88,5.4116,35.175,0,0
1.314,66712,255.22,0.083034,427.99,5.4228,35.248,0,0
1.3227,65942,254.37,0.082075,430.1,5.4341,35.321,0,0
1.3314,65172,253.52,0.081117,432.21,5.4453,35.395,0,0
1.3401,64402,252.67,0.080159,434.32,5.4566,35.468,0,0
1.3488,63632,251.82,0.0792,436.43,5.4678,35.541,0,0
1.3559,63024,251.12,0.078444,438.12,5.479,35.614,0,0
1.3628,62448,250.45,0.077727,439.74,5.4903,35.687,0,0
1.3696,61872,249.78,0.07701,441.35,5.5015,35.76,0,0
1.3764,61297,249.11,0.076294,442.96,5.5128,35.833,0,0
1.3833,60721,248.45,0.075577,444.57,5.524,35.906,0,0
1.3901,60145,247.78,0.07486,446.18,5.5353,35.979,0,0
1.397,59571,247.11,0.074146,447.79,5.5465,36.052,0,0
1.4016,59233,246.71,0.073726,448.91,5.5578,36.125,0,0
1.4063,58896,246.31,0.073306,450.04,5.569,36.199,0,0
1.411,58559,245.91,0.072886,451.16,5.5803,36.272,0,0
1.4156,58221,245.51,0.072466,452.29,5.5915,36.345,0,0
1.4203,57884,245.11,0.072046,453.41,5.6028,36.418,0,0
1.425,57546,244.71,0.071626,454.54,5.614,36.491,0,0
1.4293,57252,244.35,0.071259,455.58,5.6252,36.564,0,0
1.432,57154,244.17,0.071137,456.29,5.6365,36.637,0,0
1.4348,57055,243.99,0.071014,456.99,5.6477,36.71,0,0
1.4375,56957,243.81,0.070892,457.69,5.659,36.783,0,0
1.4402,56858,243.63,0.070769,458.4,5.6702,36.856,0,0
1.443,56760,243.45,0.070647,459.1,5.6815,36.93,0,0
1.4457,56661,243.28,0.070524,459.8,5.6927,37.003,0,0
1.448,56598,243.11,0.070445,460.37,5.704,37.076,0,0
1.4494,56597,242.96,0.070444,460.69,5.7152,37.149,0,0
1.4509,56596,242.81,0.070444,461,5.7265,37.222,0,0
1.4523,56596,242.67,0.070443,461.32,5.7377,37.295,0,0
1.4537,56595,242.52,0.070442,461.64,5.749,37.368,0,0
1.4552,56595,242.37,0.070441,461.95,5.7602,37.441,0,0
1.4566,56594,242.23,0.070441,462.27,5.7714,37.514,0,0
1.4567,56702,242.21,0.070575,462.28,5.7827,37.588,0,0
1.4556,56908,242.3,0.070831,462,5.7939,37.661,0,0
1.4544,57114,242.39,0.071088,461.73,5.8052,37.734,0,0
1.4533,57320,242.49,0.071344,461.46,5.8164,37.807,0,0
1.4521,57526,242.58,0.0716,461.18,5.8277,37.88,0,0
1.451,57732,242.67,0.071857,460.91,5.8389,37.953,0,0
1.4498,57938,242.77,0.072113,460.63,5.8502,38.026,0,0
1.4429,58563,243.44,0.072892,459.03,5.8614,38.099,0,0
1.4334,59371,244.36,0.073897,456.86,5.8727,38.172,0,0
1.424,60178,245.29,0.074902,454.68,5.8839,38.245,0,0
1.4145,60986,246.21,0.075907,452.51,5.8952,38.319,0,0
1.405,61793,247.14,0.076912,450.33,5.9064,38.392,0,0
1.3956,62601,248.06,0.077917,448.16,5.9176,38.465,0,0
1.3861,63408,248.99,0.078922,445.98,5.9289,38.538,0,0
1.3722,64730,250.35,0.080567,442.64,5.9401,38.611,0,0
1.3576,66128,251.77,0.082307,439.12,5.9514,38.684,0,0
1.343,67526,253.19,0.084047,435.6,5.9626,38.757,0,0
1.3285,68925,254.62,0.085788,432.08,5.9739,38.83,0,0
1.3139,70323,256.04,0.087528,428.56,5.9851,38.903,0,0
1.2993,71721,257.46,0.089269,425.05,5.9964,38.976,0,0
1.2847,73139,258.9,0.091034,421.49,6.0076,39.049,0,0
1.2676,75006,260.55,0.093358,417.1,6.0189,39.123,0,0
1.2505,76873,262.21,0.095681,412.72,6.0301,39.196,0,0
1.2334,78740,263.86,0.098005,408.33,6.0414,39.269,0,0
1.2164,80607,265.52,0.10033,403.94,6.0526,39.342,0,0
1.1993,82474,267.17,0.10265,399.56,6.0638,39.415,0,0
1.1822,84341,268.83,0.10498,395.17,6.0751,39.488,0,0
1.1656,86215,270.44,0.10731,390.85,6.0863,39.561,0,0
1.1505,88111,271.92,0.10967,386.77,6.0976,39.634,0,0
1.1355,90007,273.39,0.11203,382.68,6.1088,39.707,0,0
1.1204,91903,274.87,0.11439,378.6,6.1201,39.78,0,0
1.1054,93799,276.34,0.11675,374.52,6.1313,39.854,0,0
1.0903,95696,277.82,0.11911,370.44,6.1426,39.927,0,0
1.0752,97592,279.29,0.12147,366.36,6.1538,40,0,0
1.0616,99381,280.62,0.1237,362.61,6.1651,40.073,0,0
1.0503,1.01e+05,281.71,0.12571,359.4,6.1763,40.146,0,0
1.0389,1.0262e+05,282.8,0.12772,356.18,6.1876,40.219,0,0
1.0276,1.0424e+05,283.89,0.12974,352.97,6.1988,40.292,0,0
1.0163,1.0585e+05,284.98,0.13175,349.75,6.21,40.365,0,0
1.005,1.0747e+05,286.07,0.13377,346.53,6.2213,40.438,0,0
0.99363,1.0909e+05,287.16,0.13578,343.32,6.2325,40.512,0,0
0.98444,1.1052e+05,288.05,0.13756,340.68,6.2438,40.585,0,0
0.97695,1.1179e+05,288.78,0.13914,338.5,6.255,40.658,0,0
0.96945,1.1307e+05,289.51,0.14073,336.32,6.2663,40.731,0,0
0.96195,1.1434e+05,290.24,0.14232,334.13,6.2775,40.804,0,0
0.95445,1.1562e+05,290.97,0.1439,331.95,6.2888,40.877,0,0
0.94696,1.1689e+05,291.7,0.14549,329.77,6.3,40.95,0,0
0.93946,1.1817e+05,292.43,0.14708,327.59,6.3113,41.023,0,0
0.93402,1.1929e+05,292.99,0.14847,326,6.3225,41.096,0,0
0.92933,1.2035e+05,293.48,0.14979,324.63,6.3338,41.169,0,0
0.92465,1.2141e+05,293.97,0.15112,323.26,6.345,41.243,0,0
0.91996,1.2247e+05,294.47,0.15244,321.89,6.3562,41.316,0,0
0.91528,1.2354e+05,294.96,0.15376,320.52,6.3675,41.389,0,0
0.9106,1.246e+05,295.45,0.15508,319.15,6.3787,41.462,0,0
0.90591,1.2566e+05,295.94,0.15641,317.78,6.39,41.535,0,0
0.90493,1.2652e+05,296.01,0.15747,317.48,6.4012,41.608,0,0
0.90435,1.2735e+05,296.03,0.15851,317.28,6.4125,41.681,0,0
0.90376,1.2819e+05,296.06,0.15955,317.09,6.4237,41.754,0,0
0.90318,1.2902e+05,296.08,0.16059,316.9,6.435,41.827,0,0
0.90259,1.2985e+05,296.11,0.16162,316.71,6.4462,41.9,0,0
0.90201,1.3069e+05,296.13,0.16266,316.52,6.4575,41.973,0,0
0.90128,1.3152e+05,296.18,0.1637,316.29,6.4687,42.047,0,0
0.89873,1.3239e+05,296.54,0.16478,315.58,6.48,42.12,0,0
0.89619,1.3326e+05,296.9,0.16586,314.87,6.4912,42.193,0,0
0.89364,1.3412e+05,297.25,0.16693,314.17,6.5024,42.266,0,0
0.8911,1.3499e+05,297.61,0.16801,313.46,6.5137,42.339,0,0
0.88855,1.3585e+05,297.97,0.16909,312.75,6.5249,42.412,0,0
0.88601,1.3672e+05,298.33,0.17017,312.05,6.5362,42.485,0,0
0.8848,1.3745e+05,298.53,0.17108,311.73,6.5474,42.558,0,0
0.88763,1.3778e+05,298.26,0.17149,312.58,6.5587,42.631,0,0
0.89047,1.3811e+05,297.98,0.1719,313.44,6.5699,42.704,0,0
0.8933,1.3844e+05,297.71,0.17231,314.29,6.5812,42.778,0,0
0.89614,1.3877e+05,297.44,0.17272,315.14,6.5924,42.851,0,0
0.89897,1.3909e+05,297.17,0.17313,316,6.6037,42.924,0,0
0.90181,1.3942e+05,296.9,0.17354,316.85,6.6149,42.997,0,0
0.90333,1.3974e+05,296.79,0.17394,317.33,6.6262,43.07,0,0
0.90304,1.4005e+05,296.93,0.17432,317.3,6.6374,43.143,0,0
0.90275,1.4036e+05,297.06,0.1747,317.27,6.6486,43.216,0,0
0.90246,1.4067e+05,297.19,0.17509,317.24,6.6599,43.289,0,0
0.90217,1.4098e+05,297.32,0.17547,317.21,6.6711,43.362,0,0
0.90188,1.4129e+05,297.46,0.17586,317.18,6.6824,43.436,0,0
0.90159,1.416e+05,297.59,0.17624,317.15,6.6936,43.509,0,0
0.90316,1.4178e+05,297.5,0.17647,317.65,6.7049,43.582,0,0
0.90599,1.4188e+05,297.25,0.1766,318.51,6.7161,43.655,0,0
0.90883,1.4198e+05,297,0.17672,319.37,6.7274,43.728,0,0
0.91167,1.4208e+05,296.75,0.17685,320.24,6.7386,43.801,0,0
0.91451,1.4218e+05,296.51,0.17697,321.1,6.7499,43.874,0,0
0.91734,1.4228e+05,296.26,0.17709,321.96,6.7611,43.947,0,0
0.92018,1.4238e+05,296.01,0.17722,322.82,6.7724,44.02,0,0
0.92327,1.4221e+05,295.79,0.17701,323.79,6.7836,44.093,0,0
0.92645,1.4196e+05,295.59,0.1767,324.79,6.7948,44.167,0,0
0.92962,1.4171e+05,295.38,0.17639,325.79,6.8061,44.24,0,0
0.9328,1.4146e+05,295.17,0.17607,326.78,6.8173,44.313,0,0
0.93597,1.4121e+05,294.96,0.17576,327.78,6.8286,44.386,0,0
0.93915,1.4096e+05,294.76,0.17545,328.78,6.8398,44.459,0,0
0.94232,1.4071e+05,294.55,0.17514,329.78,6.8511,44.532,0,0
0.94681,1.401e+05,294.14,0.17438,331.11,6.8623,44.605,0,0
0.95139,1.3947e+05,293.71,0.17359,332.47,6.8736,44.678,0,0
0.95598,1.3883e+05,293.28,0.1728,333.82,6.8848,44.751,0,0
0.96056,1.3819e+05,292.86,0.172,335.18,6.8961,44.824,0,0
0.96514,1.3756e+05,292.43,0.17121,336.53,6.9073,44.897,0,0
0.96972,1.3692e+05,292.01,0.17042,337.89,6.9186,44.971,0,0
0.97428,1.3628e+05,291.59,0.16962,339.24,6.9298,45.044,0,0
0.97869,1.3561e+05,291.21,0.16879,340.55,6.941,45.117,0,0
0.98309,1.3494e+05,290.83,0.16796,341.86,6.9523,45.19,0,0
0.9875,1.3427e+05,290.46,0.16713,343.16,6.9635,45.263,0,0
0.9919,1.3361e+05,290.08,0.16629,344.47,6.9748,45.336,0,0
0.99631,1.3294e+05,289.7,0.16546,345.78,6.986,45.409,0,0
1.0007,1.3227e+05,289.32,0.16463,347.09,6.9973,45.482,0,0
1.0054,1.3158e+05,288.91,0.16378,348.48,7.0085,45.555,0,0
1.011,1.3087e+05,288.41,0.16289,350.1,7.0198,45.628,0,0
1.0166,1.3015e+05,287.92,0.16199,351.72,7.031,45.702,0,0
1.0221,1.2943e+05,287.42,0.1611,353.34,7.0423,45.775,0,0
1.0277,1.2871e+05,286.92,0.1602,354.95,7.0535,45.848,0,0
1.0333,1.2799e+05,286.42,0.15931,356.57,7.0648,45.921,0,0
1.0388,1.2728e+05,285.92,0.15842,358.19,7.076,45.994,0,0
1.045,1.2648e+05,285.37,0.15743,359.95,7.0872,46.067,0,0
1.0517,1.256e+05,284.76,0.15633,361.88,7.0985,46.14,0,0
1.0585,1.2472e+05,284.14,0.15524,363.8,7.1097,46.213,0,0
1.0653,1.2384e+05,283.53,0.15414,365.73,7.121,46.286,0,0
1.072,1.2296e+05,282.91,0.15305,367.66,7.1322,46.36,0,0
1.0788,1.2208e+05,282.3,0.15195,369.59,7.1435,46.433,0,0
1.0856,1.212e+05,281.68,0.15086,371.51,7.1547,46.506,0,0
1.0932,1.2019e+05,280.97,0.1496,373.65,7.166,46.579,0,0
1.1014,1.191e+05,280.2,0.14824,375.91,7.1772,46.652,0,0
1.1096,1.1802e+05,279.43,0.14689,378.17,7.1885,46.725,0,0
1.1178,1.1693e+05,278.66,0.14554,380.43,7.1997,46.798,0,0
1.126,1.1584e+05,277.89,0.14418,382.69,7.211,46.871,0,0
1.1341,1.1475e+05,277.12,0.14283,384.96,7.2222,46.944,0,0
1.1423,1.1366e+05,276.35,0.14147,387.22,7.2334,47.017,0,0
1.1514,1.1248e+05,275.48,0.14,389.67,7.2447,47.09,0,0
1.1608,1.1127e+05,274.58,0.13849,392.16,7.2559,47.164,0,0
1.1701,1.1006e+05,273.68,0.13699,394.66,7.2672,47.237,0,0
1.1795,1.0885e+05,272.78,0.13548,397.16,7.2784,47.31,0,0
1.1888,1.0764e+05,271.88,0.13397,399.65,7.2897,47.383,0,0
1.1982,1.0643e+05,270.98,0.13247,402.15,7.3009,47.456,0,0
1.2075,1.0522e+05,270.08,0.13096,404.65,7.3122,47.529,0,0
1.2172,1.0401e+05,269.14,0.12946,407.15,7.3234,47.602,0,0
1.2269,1.0281e+05,268.2,0.12796,409.65,7.3347,47.675,0,0
1.2366,1.0161e+05,267.26,0.12646,412.15,7.3459,47.748,0,0
1.2463,1.004e+05,266.32,0.12497,414.65,7.3572,47.821,0,0
1.256,99197,265.39,0.12347,417.16,7.3684,47.895,0,0
1.2657,97992,264.45,0.12197,419.66,7.3796,47.968,0,0
1.2754,96796,263.51,0.12048,422.15,7.3909,48.041,0,0
1.2851,95648,262.56,0.11905,424.56,7.4021,48.114,0,0
1.2948,94501,261.61,0.11762,426.97,7.4134,48.187,0,0
1.3045,93353,260.67,0.11619,429.39,7.4246,48.26,0,0
1.3142,92205,259.72,0.11476,431.8,7.4359,48.333,0,0
1.3239,91058,258.78,0.11334,434.22,7.4471,48.406,0,0
1.3336,89910,257.83,0.11191,436.63,7.4584,48.479,0,0
1.3432,88794,256.89,0.11052,438.99,7.4696,48.553,0,0
1.3526,87748,255.98,0.10922,441.22,7.4809,48.626,0,0
1.3619,86701,255.07,0.10791,443.46,7.4921,48.699,0,0
1.3712,85655,254.16,0.10661,445.7,7.5034,48.772,0,0
1.3806,84609,253.25,0.10531,447.93,7.5146,48.845,0,0
1.3899,83562,252.34,0.10401,450.17,7.5258,48.918,0,0
1.3993,82516,251.42,0.1027,452.41,7.5371,48.991,0,0
1.4083,81540,250.55,0.10149,454.52,7.5483,49.064,0,0
1.4168,80639,249.71,0.10037,456.5,7.5596,49.137,0,0
1.4254,79737,248.88,0.099246,458.48,7.5708,49.21,0,0
1.434,78836,248.04,0.098124,460.46,7.5821,49.284,0,0
1.4426,77934,247.21,0.097002,462.44,7.5933,49.357,0,0
1.4511,77033,246.37,0.09588,464.42,7.6046,49.43,0,0
1.4597,76132,245.54,0.094758,466.4,7.6158,49.503,0,0
1.4675,75342,244.78,0.093775,468.17,7.6271,49.576,0,0
1.4749,74609,244.06,0.092863,469.83,7.6383,49.649,0,0
1.4824,73876,243.35,0.091951,471.49,7.6496,49.722,0,0
1.4898,73144,242.63,0.091039,473.15,7.6608,49.795,0,0
1.4972,72411,241.91,0.090127,474.81,7.672,49.868,0,0
1.5046,71678,241.2,0.089215,476.47,7.6833,49.941,0,0
1.5121,70946,240.48,0.088303,478.13,7.6945,50.014,0,0
1.5183,70357,239.88,0.08757,479.51,7.7058,50.088,0,0
1.5244,69796,239.3,0.086873,480.82,7.717,50.161,0,0
1.5305,69236,238.72,0.086176,482.14,7.7283,50.234,0,0
1.5365,68676,238.13,0.085479,483.46,7.7395,50.307,0,0
1.5426,68116,237.55,0.084782,484.78,7.7508,50.38,0,0
1.5486,67556,236.97,0.084085,486.1,7.762,50.453,0,0
1.5547,66997,236.39,0.083389,487.42,7.7733,50.526,0,0
1.5589,66648,236.01,0.082955,488.35,7.7845,50.599,0,0
1.5632,66299,235.63,0.08252,489.29,7.7958,50.672,0,0
1.5675,65950,235.25,0.082086,490.22,7.807,50.745,0,0
1.5717,65601,234.87,0.081651,491.16,7.8182,50.819,0,0
1.576,65252,234.49,0.081217,492.09,7.8295,50.892,0,0
1.5803,64903,234.11,0.080783,493.03,7.8407,50.965,0,0
1.5841,64595,233.76,0.080399,493.89,7.852,51.038,0,0
1.5863,64477,233.59,0.080252,494.37,7.8632,51.111,0,0
1.5885,64359,233.41,0.080105,494.85,7.8745,51.184,0,0
1.5906,64240,233.23,0.079958,495.34,7.8857,51.257,0,0
1.5928,64122,233.06,0.079811,495.82,7.897,51.33,0,0
1.5949,64004,232.88,0.079663,496.3,7.9082,51.403,0,0
1.5971,63886,232.7,0.079516,496.79,7.9195,51.477,0,0
1.5992,63799,232.51,0.079409,497.26,7.9307,51.55,0,0
1.6014,63772,232.29,0.079374,497.7,7.942,51.623,0,0
1.6036,63744,232.08,0.07934,498.14,7.9532,51.696,0,0
1.6058,63716,231.86,0.079305,498.59,7.9644,51.769,0,0
1.608,63689,231.64,0.079271,499.03,7.9757,51.842,0,0
1.6102,63661,231.42,0.079237,499.48,7.9869,51.915,0,0
1.6124,63634,231.2,0.079202,499.92,7.9982,51.988,0,0
1.6125,63756,231.19,0.079354,499.94,8.0094,52.061,0,0
1.6106,64015,231.38,0.079677,499.56,8.0207,52.134,0,0
1.6087,64275,231.57,0.08,499.18,8.0319,52.208,0,0
1.6068,64534,231.76,0.080323,498.8,8.0432,52.281,0,0
1.6049,64794,231.95,0.080646,498.42,8.0544,52.354,0,0
1.6031,65053,232.14,0.08097,498.04,8.0657,52.427,0,0
1.6012,65313,232.32,0.081293,497.66,8.0769,52.5,0,0
1.5959,65871,232.84,0.081987,496.56,8.0882,52.573,0,0
1.5891,66561,233.51,0.082846,495.15,8.0994,52.646,0,0
1.5824,67251,234.18,0.083705,493.73,8.1106,52.719,0,0
1.5756,67941,234.85,0.084564,492.32,8.1219,52.792,0,0
1.5688,68631,235.52,0.085423,490.9,8.1331,52.865,0,0
1.562,69321,236.19,0.086281,489.48,8.1444,52.938,0,0
1.5553,70011,236.85,0.08714,488.07,8.1556,53.012,0,0
1.5457,71068,237.82,0.088455,486.01,8.1669,53.085,0,0
1.5357,72181,238.82,0.089841,483.85,8.1781,53.158,0,0
1.5257,73294,239.83,0.091226,481.7,8.1894,53.231,0,0
1.5156,74407,240.84,0.092612,479.54,8.2006,53.304,0,0
1.5056,75521,241.85,0.093998,477.38,8.2119,53.377,0,0
1.4956,76634,242.86,0.095384,475.22,8.2231,53.45,0,0
1.4855,77761,243.87,0.096787,473.05,8.2344,53.523,0,0
1.4736,79241,245.09,0.098629,470.36,8.2456,53.596,0,0
1.4617,80721,246.31,0.10047,467.68,8.2568,53.669,0,0
1.4498,82202,247.53,0.10231,465,8.2681,53.743,0,0
1.4379,83682,248.75,0.10416,462.31,8.2793,53.816,0,0
1.426,85162,249.96,0.106,459.63,8.2906,53.889,0,0
1.4141,86642,251.18,0.10784,456.95,8.3018,53.962,0,0
1.4023,88152,252.4,0.10972,454.26,8.3131,54.035,0,0
1.3907,89771,253.6,0.11173,451.52,8.3243,54.108,0,0
1.3791,91390,254.8,0.11375,448.79,8.3356,54.181,0,0
1.3676,93010,255.99,0.11577,446.06,8.3468,54.254,0,0
1.356,94629,257.19,0.11778,443.32,8.3581,54.327,0,0
1.3444,96249,258.39,0.1198,440.59,8.3693,54.401,0,0
1.3329,97868,259.59,0.12181,437.86,8.3806,54.474,0,0
1.3221,99442,260.71,0.12377,435.29,8.3918,54.547,0,0
1.3128,1.0094e+05,261.69,0.12564,432.98,8.403,54.62,0,0
1.3034,1.0244e+05,262.67,0.1275,430.67,8.4143,54.693,0,0
1.294,1.0394e+05,263.65,0.12937,428.37,8.4255,54.766,0,0
1.2846,1.0544e+05,264.63,0.13124,426.06,8.4368,54.839,0,0
1.2753,1.0694e+05,265.61,0.13311,423.75,8.448,54.912,0,0
1.2659,1.0844e+05,266.59,0.13497,421.44,8.4593,54.985,0,0
1.2581,1.0976e+05,267.41,0.13661,419.51,8.4705,55.058,0,0
1.2517,1.1094e+05,268.1,0.13808,417.89,8.4818,55.132,0,0
1.2452,1.1211e+05,268.79,0.13954,416.26,8.493,55.205,0,0
1.2388,1.1329e+05,269.47,0.141,414.63,8.5043,55.278,0,0
1.2324,1.1446e+05,270.16,0.14247,413.01,8.5155,55.351,0,0
1.2259,1.1564e+05,270.85,0.14393,411.38,8.5268,55.424,0,0
1.2195,1.1681e+05,271.54,0.14539,409.75,8.538,55.497,0,0
1.2145,1.1778e+05,272.08,0.14659,408.49,8.5492,55.57,0,0
1.2101,1.1867e+05,272.56,0.1477,407.37,8.5605,55.643,0,0
1.2058,1.1956e+05,273.03,0.14881,406.25,8.5717,55.716,0,0
1.2014,1.2044e+05,273.51,0.14991,405.13,8.583,55.789,0,0
1.197,1.2133e+05,273.99,0.15102,404.01,8.5942,55.862,0,0
1.1926,1.2222e+05,274.47,0.15212,402.89,8.6055,55.936,0,0
1.1883,1.2311e+05,274.95,0.15323,401.77,8.6167,56.009,0,0
1.1857,1.2382e+05,275.23,0.15411,401.12,8.628,56.082,0,0
1.1834,1.2451e+05,275.49,0.15497,400.52,8.6392,56.155,0,0
1.1811,1.252e+05,275.74,0.15583,399.91,8.6505,56.228,0,0
1.1787,1.2589e+05,276,0.15669,399.31,8.6617,56.301,0,0
1.1764,1.2658e+05,276.26,0.15755,398.71,8.673,56.374,0,0
1.1741,1.2727e+05,276.52,0.1584,398.11,8.6842,56.447,0,0
1.1718,1.2795e+05,276.77,0.15926,397.52,8.6954,56.52,0,0
1.1701,1.2855e+05,277.01,0.16001,397.1,8.7067,56.593,0,0
1.1684,1.2916e+05,277.24,0.16076,396.69,8.7179,56.667,0,0
1.1667,1.2976e+05,277.47,0.16151,396.28,8.7292,56.74,0,0
1.165,1.3037e+05,277.7,0.16226,395.87,8.7404,56.813,0,0
1.1633,1.3097e+05,277.94,0.16301,395.46,8.7517,56.886,0,0
1.1616,1.3157e+05,278.17,0.16377,395.04,8.7629,56.959,0,0
1.1605,1.3211e+05,278.33,0.16444,394.78,8.7742,57.032,0,0
1.1613,1.3244e+05,278.25,0.16485,395,8.7854,57.105,0,0
1.1621,1.3278e+05,278.18,0.16526,395.21,8.7967,57.178,0,0
1.1628,1.3311e+05,278.11,0.16567,395.43,8.8079,57.251,0,0
1.1636,1.3344e+05,278.03,0.16609,395.64,8.8192,57.325,0,0
1.1644,1.3377e+05,277.96,0.1665,395.85,8.8304,57.398,0,0
1.1652,1.341e+05,277.88,0.16691,396.07,8.8416,57.471,0,0
1.1655,1.3439e+05,277.89,0.16727,396.19,8.8529,57.544,0,0
1.1653,1.3463e+05,278,0.16757,396.18,8.8641,57.617,0,0
1.165,1.3487e+05,278.11,0.16787,396.18,8.8754,57.69,0,0
1.1648,1.3511e+05,278.22,0.16816,396.17,8.8866,57.763,0,0
1.1645,1.3534e+05,278.34,0.16846,396.17,8.8979,57.836,0,0
1.1643,1.3558e+05,278.45,0.16875,396.16,8.9091,57.909,0,0
1.164,1.3582e+05,278.56,0.16905,396.16,8.9204,57.982,0,0
1.1651,1.3588e+05,278.52,0.16912,396.49,8.9316,58.056,0,0
1.1671,1.3582e+05,278.37,0.16904,397.06,8.9429,58.129,0,0
1.1691,1.3575e+05,278.21,0.16897,397.63,8.9541,58.202,0,0
1.1711,1.3569e+05,278.06,0.16889,398.2,8.9654,58.275,0,0
1.1731,1.3563e+05,277.91,0.16881,398.77,8.9766,58.348,0,0
1.1751,1.3556e+05,277.76,0.16873,399.34,8.9878,58.421,0,0
1.1771,1.355e+05,277.61,0.16865,399.91,8.9991,58.494,0,0
1.1801,1.3509e+05,277.34,0.16815,400.76,9.0103,58.567,0,0
1.1836,1.3458e+05,277.04,0.16751,401.7,9.0216,58.64,0,0
1.187,1.3407e+05,276.73,0.16687,402.63,9.0328,58.713,0,0
1.1904,1.3355e+05,276.42,0.16623,403.57,9.0441,58.786,0,0
1.1938,1.3304e+05,276.12,0.16559,404.51,9.0553,58.86,0,0
1.1973,1.3253e+05,275.81,0.16495,405.45,9.0666,58.933,0,0
1.2007,1.3201e+05,275.51,0.16431,406.39,9.0778,59.006,0,0
1.2051,1.3132e+05,275.06,0.16345,407.55,9.0891,59.079,0,0
1.2096,1.3062e+05,274.6,0.16258,408.73,9.1003,59.152,0,0
1.2142,1.2992e+05,274.14,0.16171,409.91,9.1116,59.225,0,0
1.2187,1.2922e+05,273.68,0.16083,411.09,9.1228,59.298,0,0
1.2232,1.2852e+05,273.22,0.15996,412.27,9.134,59.371,0,0
1.2277,1.2782e+05,272.76,0.15909,413.45,9.1453,59.444,0,0
1.2323,1.2711e+05,272.3,0.15821,414.64,9.1565,59.518,0,0
1.2372,1.2636e+05,271.82,0.15728,415.92,9.1678,59.591,0,0
1.2421,1.2562e+05,271.35,0.15635,417.2,9.179,59.664,0,0
1.247,1.2487e+05,270.87,0.15542,418.48,9.1903,59.737,0,0
1.2519,1.2413e+05,270.4,0.1545,419.76,9.2015,59.81,0,0
1.2568,1.2338e+05,269.93,0.15357,421.05,9.2128,59.883,0,0
1.2618,1.2264e+05,269.45,0.15264,422.33,9.224,59.956,0,0
1.2669,1.2187e+05,268.95,0.15168,423.65,9.2353,60.029,0,0
1.2725,1.2104e+05,268.4,0.15066,425.1,9.2465,60.102,0,0
1.2782,1.2022e+05,267.85,0.14963,426.54,9.2578,60.175,0,0
1.2839,1.194e+05,267.29,0.14861,427.99,9.269,60.249,0,0
1.2895,1.1857e+05,266.74,0.14758,429.43,9.2802,60.322,0,0
1.2952,1.1775e+05,266.19,0.14656,430.88,9.2915,60.395,0,0
1.3009,1.1692e+05,265.63,0.14553,432.32,9.3027,60.468,0,0
1.3069,1.1605e+05,265.04,0.14445,433.84,9.314,60.541,0,0
1.3134,1.1513e+05,264.39,0.1433,435.45,9.3252,60.614,0,0
1.3199,1.1421e+05,263.74,0.14216,437.05,9.3365,60.687,0,0
1.3263,1.1329e+05,263.1,0.14101,438.65,9.3477,60.76,0,0
1.3328,1.1237e+05,262.45,0.13986,440.26,9.359,60.833,0,0
1.3393,1.1145e+05,261.81,0.13872,441.86,9.3702,60.906,0,0
1.3458,1.1053e+05,261.16,0.13757,443.47,9.3815,60.979,0,0
1.3527,1.0956e+05,260.46,0.13637,445.13,9.3927,61.053,0,0
1.3598,1.0858e+05,259.71,0.13514,446.83,9.404,61.126,0,0
1.367,1.0759e+05,258.97,0.13391,448.54,9.4152,61.199,0,0
1.3742,1.066e+05,258.23,0.13269,450.24,9.4264,61.272,0,0
1.3813,1.0562e+05,257.49,0.13146,451.94,9.4377,61.345,0,0
1.3885,1.0463e+05,256.74,0.13023,453.65,9.4489,61.418,0,0
1.3957,1.0364e+05,256,0.129,455.35,9.4602,61.491,0,0
1.403,1.0266e+05,255.25,0.12778,457.06,9.4714,61.564,0,0
1.4104,1.0168e+05,254.5,0.12656,458.77,9.4827,61.637,0,0
1.4178,1.007e+05,253.75,0.12534,460.49,9.4939,61.71,0,0
1.4252,99724,252.99,0.12412,462.2,9.5052,61.784,0,0
1.4326,98745,252.24,0.1229,463.91,9.5164,61.857,0,0
1.44,97765,251.49,0.12168,465.62,9.5277,61.93,0,0
1.4474,96785,250.74,0.12047,467.34,9.5389,62.003,0,0
1.4546,95862,250,0.11932,468.97,9.5502,62.076,0,0
1.4619,94940,249.27,0.11817,470.61,9.5614,62.149,0,0
1.4692,94018,248.54,0.11702,472.24,9.5726,62.222,0,0
1.4764,93096,247.8,0.11587,473.88,9.5839,62.295,0,0
1.4837,92174,247.07,0.11473,475.51,9.5951,62.368,0,0
1.491,91252,246.33,0.11358,477.14,9.6064,62.442,0,0
1.4982,90344,245.61,0.11245,478.76,9.6176,62.515,0,0
1.5049,89522,244.92,0.11142,480.24,9.6289,62.588,0,0
1.5117,88700,244.24,0.1104,481.72,9.6401,62.661,0,0
1.5185,87879,243.56,0.10938,483.21,9.6514,62.734,0,0
1.5253,87057,242.87,0.10836,484.69,9.6626,62.807,0,0
1.5321,86235,242.19,0.10733,486.17,9.6739,62.88,0,0
1.5389,85413,241.51,0.10631,487.65,9.6851,62.953,0,0
1.5455,84630,240.85,0.10534,489.08,9.6964,63.026,0,0
1.5516,83933,240.24,0.10447,490.38,9.7076,63.099,0,0
1.5577,83235,239.63,0.1036,491.68,9.7188,63.173,0,0
1.5639,82537,239.02,0.10273,492.97,9.7301,63.246,0,0
1.57,81840,238.41,0.10186,494.27,9.7413,63.319,0,0
1.5761,81142,237.8,0.10099,495.57,9.7526,63.392,0,0
1.5822,80444,237.19,0.10013,496.87,9.7638,63.465,0,0
1.5879,79816,236.62,0.099344,498.05,9.7751,63.538,0,0
1.593,79261,236.1,0.098653,499.12,9.7863,63.611,0,0
1.5982,78706,235.59,0.097963,500.18,9.7976,63.684,0,0
1.6033,78152,235.07,0.097272,501.24,9.8088,63.757,0,0
1.6085,77597,234.55,0.096582,502.3,9.8201,63.83,0,0
1.6137,77042,234.04,0.095892,503.36,9.8313,63.903,0,0
1.6188,76487,233.52,0.095201,504.43,9.8426,63.977,0,0
1.6232,76028,233.09,0.094629,505.31,9.8538,64.05,0,0
1.6271,75618,232.69,0.094118,506.1,9.865,64.123,0,0
1.631,75208,232.3,0.093608,506.9,9.8763,64.196,0,0
1.635,74798,231.91,0.093098,507.69,9.8875,64.269,0,0
1.6389,74388,231.52,0.092588,508.48,9.8988,64.342,0,0
1.6428,73978,231.13,0.092077,509.28,9.91,64.415,0,0
1.6467,73568,230.74,0.091567,510.07,9.9213,64.488,0,0
1.65,73333,230.42,0.091275,510.71,9.9325,64.561,0,0
1.6531,73135,230.11,0.091028,511.32,9.9438,64.634,0,0
1.6561,72936,229.81,0.090781,511.94,9.955,64.708,0,0
1.6592,72738,229.5,0.090534,512.55,9.9663,64.781,0,0
1.6623,72540,229.2,0.090287,513.16,9.9775,64.854,0,0
1.6654,72341,228.89,0.090041,513.78,9.9888,64.927,0,0
1.6685,72143,228.58,0.089794,514.39,10,65,0,0
