"Density","Mach","Pressure","Temperature","vtkValidPointMask","arc_length","Points:0","Points:1","Points:2"
6.9214,0.23957,7.6865,1.1105,1,0,-8.1,0,0
6.9194,0.2404,7.6834,1.1104,1,0.0731,-8.0269,0,0
6.9174,0.24124,7.6803,1.1103,1,0.1462,-7.9538,0,0
6.9154,0.24208,7.6772,1.1102,1,0.2193,-7.8807,0,0
6.9135,0.24291,7.6741,1.11,1,0.2924,-7.8076,0,0
6.9115,0.24375,7.671,1.1099,1,0.3655,-7.7345,0,0
6.9095,0.24459,7.6679,1.1098,1,0.4386,-7.6614,0,0
6.9072,0.24558,7.6643,1.1096,1,0.5117,-7.5883,0,0
6.9032,0.24738,7.6585,1.1094,1,0.5848,-7.5152,0,0
6.8992,0.24917,7.6527,1.1092,1,0.6579,-7.4421,0,0
6.8952,0.25096,7.6468,1.109,1,0.731,-7.369,0,0
6.8912,0.25275,7.641,1.1088,1,0.8041,-7.2959,0,0
6.8872,0.25454,7.6352,1.1086,1,0.8772,-7.2228,0,0
6.8832,0.25634,7.6293,1.1084,1,0.9503,-7.1497,0,0
6.8784,0.25849,7.6223,1.1081,1,1.0234,-7.0766,0,0
6.8717,0.26145,7.6125,1.1078,1,1.0965,-7.0035,0,0
6.8651,0.26442,7.6028,1.1075,1,1.1696,-6.9304,0,0
6.8584,0.26738,7.593,1.1071,1,1.2427,-6.8573,0,0
6.8518,0.27035,7.5833,1.1068,1,1.3158,-6.7842,0,0
6.8451,0.27331,7.5735,1.1064,1,1.3889,-6.7111,0,0
6.8385,0.27628,7.5638,1.1061,1,1.462,-6.638,0,0
6.8306,0.27977,7.5521,1.1056,1,1.5351,-6.5649,0,0
6.8208,0.28405,7.5377,1.1051,1,1.6082,-6.4918,0,0
6.8111,0.28834,7.5232,1.1046,1,1.6813,-6.4187,0,0
6.8013,0.29262,7.5088,1.104,1,1.7544,-6.3456,0,0
6.7916,0.2969,7.4943,1.1035,1,1.8275,-6.2725,0,0
6.7818,0.30118,7.4798,1.1029,1,1.9006,-6.1994,0,0
6.7721,0.30546,7.4654,1.1024,1,1.9737,-6.1263,0,0
6.7606,0.31037,7.4483,1.1017,1,2.0468,-6.0532,0,0
6.7468,0.31609,7.4277,1.1009,1,2.1199,-5.9801,0,0
6.733,0.32182,7.4071,1.1001,1,2.193,-5.907,0,0
6.7193,0.32754,7.3866,1.0993,1,2.2661,-5.8339,0,0
6.7055,0.33326,7.366,1.0985,1,2.3392,-5.7608,0,0
6.6917,0.33899,7.3455,1.0977,1,2.4123,-5.6877,0,0
6.678,0.34471,7.3249,1.0969,1,2.4854,-5.6146,0,0
6.662,0.3511,7.3011,1.0959,1,2.5585,-5.5415,0,0
6.6432,0.35837,7.273,1.0948,1,2.6316,-5.4684,0,0
6.6244,0.36564,7.2448,1.0936,1,2.7047,-5.3953,0,0
6.6056,0.37291,7.2166,1.0925,1,2.7778,-5.3222,0,0
6.5868,0.38018,7.1884,1.0913,1,2.8509,-5.2491,0,0
6.568,0.38746,7.1603,1.0902,1,2.924,-5.176,0,0
6.5492,0.39473,7.1321,1.089,1,2.9971,-5.1029,0,0
6.528,0.40264,7.1004,1.0877,1,3.0702,-5.0298,0,0
6.5028,0.4116,7.0628,1.0861,1,3.1433,-4.9567,0,0
6.4777,0.42056,7.0252,1.0844,1,3.2164,-4.8836,0,0
6.4526,0.42952,6.9876,1.0828,1,3.2895,-4.8105,0,0
6.4275,0.43848,6.95,1.0812,1,3.3626,-4.7374,0,0
6.4023,0.44743,6.9125,1.0796,1,3.4357,-4.6643,0,0
6.3772,0.45639,6.8749,1.078,1,3.5088,-4.5912,0,0
6.35,0.46582,6.8343,1.0762,1,3.5819,-4.5181,0,0
6.3175,0.47648,6.7859,1.0741,1,3.655,-4.445,0,0
6.2849,0.48714,6.7375,1.0719,1,3.7281,-4.3719,0,0
6.2523,0.4978,6.689,1.0697,1,3.8012,-4.2988,0,0
6.2197,0.50846,6.6406,1.0675,1,3.8743,-4.2257,0,0
6.1871,0.51912,6.5922,1.0654,1,3.9474,-4.1526,0,0
6.1545,0.52978,6.5438,1.0632,1,4.0205,-4.0795,0,0
6.1209,0.5406,6.494,1.0609,1,4.0936,-4.0064,0,0
6.0802,0.5527,6.4347,1.0582,1,4.1667,-3.9333,0,0
6.0395,0.56479,6.3754,1.0554,1,4.2398,-3.8602,0,0
5.9988,0.57688,6.316,1.0526,1,4.3129,-3.7871,0,0
5.9581,0.58897,6.2567,1.0499,1,4.386,-3.714,0,0
5.9175,0.60106,6.1973,1.0471,1,4.4591,-3.6409,0,0
5.8768,0.61315,6.138,1.0443,1,4.5322,-3.5678,0,0
5.8361,0.62524,6.0787,1.0416,1,4.6053,-3.4947,0,0
5.79,0.63808,6.0128,1.0383,1,4.6784,-3.4216,0,0
5.7436,0.65099,5.9464,1.035,1,4.7515,-3.3485,0,0
5.6971,0.6639,5.88,1.0318,1,4.8246,-3.2754,0,0
5.6506,0.67681,5.8135,1.0285,1,4.8977,-3.2023,0,0
5.6041,0.68972,5.7471,1.0252,1,4.9708,-3.1292,0,0
5.5576,0.70264,5.6807,1.0219,1,5.0439,-3.0561,0,0
5.5111,0.71555,5.6143,1.0187,1,5.117,-2.983,0,0
5.4634,0.72907,5.5465,1.0151,1,5.1901,-2.9099,0,0
5.415,0.74288,5.4781,1.0113,1,5.2632,-2.8368,0,0
5.3666,0.75669,5.4096,1.0076,1,5.3363,-2.7637,0,0
5.3182,0.77049,5.3412,1.0039,1,5.4094,-2.6906,0,0
5.2698,0.7843,5.2727,1.0001,1,5.4825,-2.6175,0,0
5.2214,0.79811,5.2043,0.9964,1,5.5556,-2.5444,0,0
5.173,0.81192,5.1358,0.99267,1,5.6287,-2.4713,0,0
5.1209,0.82644,5.0628,0.98859,1,5.7018,-2.3982,0,0
5.0624,0.84216,4.982,0.98394,1,5.7749,-2.3251,0,0
5.004,0.85787,4.9011,0.97929,1,5.848,-2.252,0,0
4.9455,0.87358,4.8203,0.97464,1,5.9211,-2.1789,0,0
4.884,0.88997,4.7367,0.96971,1,5.9942,-2.1058,0,0
4.8211,0.90664,4.6518,0.96467,1,6.0673,-2.0327,0,0
4.7583,0.92331,4.567,0.95962,1,6.1404,-1.9596,0,0
4.6954,0.93999,4.4821,0.95457,1,6.2135,-1.8865,0,0
4.6323,0.95679,4.3987,0.94938,1,6.2866,-1.8134,0,0
4.5692,0.97358,4.3153,0.94418,1,6.3597,-1.7403,0,0
4.5061,0.99037,4.2318,0.93899,1,6.4328,-1.6672,0,0
4.4432,1.0072,4.1491,0.93374,1,6.5059,-1.5941,0,0
4.3807,1.0243,4.068,0.92839,1,6.579,-1.521,0,0
4.3182,1.0413,3.9869,0.92303,1,6.6521,-1.4479,0,0
4.2557,1.0583,3.9058,0.91768,1,6.7252,-1.3748,0,0
4.1925,1.0756,3.825,0.91217,1,6.7983,-1.3017,0,0
4.1288,1.0929,3.7443,0.90659,1,6.8714,-1.2286,0,0
4.0652,1.1103,3.6637,0.901,1,6.9445,-1.1555,0,0
4.0015,1.1277,3.5831,0.89541,1,7.0176,-1.0824,0,0
3.9387,1.1455,3.5052,0.8897,1,7.0907,-1.0093,0,0
3.876,1.1632,3.4276,0.88398,1,7.1638,-0.9362,0,0
3.8133,1.181,3.3499,0.87827,1,7.2369,-0.8631,0,0
3.7503,1.199,3.2723,0.87247,1,7.31,-0.79,0,0
3.686,1.218,3.1946,0.86636,1,7.3831,-0.7169,0,0
3.6217,1.2369,3.1169,0.86024,1,7.4562,-0.6438,0,0
3.5575,1.2559,3.0392,0.85413,1,7.5293,-0.5707,0,0
3.4924,1.2753,2.9616,0.84784,1,7.6024,-0.4976,0,0
3.4263,1.2953,2.884,0.84131,1,7.6755,-0.4245,0,0
3.3601,1.3153,2.8064,0.83478,1,7.7486,-0.3514,0,0
3.294,1.3354,2.7288,0.82826,1,7.8217,-0.2783,0,0
3.2307,1.3554,2.6557,0.82175,1,7.8948,-0.2052,0,0
3.1687,1.3753,2.5848,0.81526,1,7.9679,-0.1321,0,0
3.1068,1.3953,2.5138,0.80877,1,8.041,-0.059,0,0
3.0448,1.4153,2.4429,0.80228,1,8.1141,0.0141,0,0
2.9838,1.4352,2.3756,0.79582,1,8.1872,0.0872,0,0
2.923,1.4551,2.3087,0.78936,1,8.2603,0.1603,0,0
2.8622,1.4751,2.2418,0.78291,1,8.3334,0.2334,0,0
2.8023,1.4949,2.1761,0.77649,1,8.4065,0.3065,0,0
2.7483,1.5145,2.1183,0.7704,1,8.4796,0.3796,0,0
2.6943,1.5341,2.0604,0.76431,1,8.5527,0.4527,0,0
2.6403,1.5536,2.0026,0.75822,1,8.6258,0.5258,0,0
2.5869,1.5735,1.9459,0.75205,1,8.6989,0.5989,0,0
2.5348,1.5939,1.8913,0.74573,1,8.772,0.672,0,0
2.4827,1.6143,1.8368,0.7394,1,8.8451,0.7451,0,0
2.4305,1.6347,1.7823,0.73308,1,8.9182,0.8182,0,0
2.3845,1.6531,1.7348,0.72737,1,8.9913,0.8913,0,0
2.3437,1.6699,1.6933,0.72219,1,9.0644,0.9644,0,0
2.3028,1.6866,1.6519,0.71702,1,9.1375,1.0375,0,0
2.262,1.7033,1.6104,0.71185,1,9.2106,1.1106,0,0
2.2314,1.7164,1.5796,0.70781,1,9.2837,1.1837,0,0
2.205,1.7281,1.5533,0.70426,1,9.3568,1.2568,0,0
2.1787,1.7397,1.5269,0.7007,1,9.4299,1.3299,0,0
2.1523,1.7513,1.5005,0.69714,1,9.503,1.403,0,0
2.1363,1.7581,1.485,0.69505,1,9.5761,1.4761,0,0
2.1217,1.7643,1.4709,0.69315,1,9.6492,1.5492,0,0
2.1071,1.7705,1.4569,0.69125,1,9.7223,1.6223,0,0
2.0925,1.7766,1.4429,0.68935,1,9.7954,1.6954,0,0
2.0779,1.7828,1.4289,0.68745,1,9.8685,1.7685,0,0
2.0633,1.789,1.4148,0.68555,1,9.9416,1.8416,0,0
2.0488,1.7952,1.4008,0.68365,1,10.015,1.9147,0,0
2.035,1.801,1.3876,0.68186,1,10.088,1.9878,0,0
2.0256,1.805,1.3787,0.68058,1,10.161,2.0609,0,0
2.0162,1.809,1.3698,0.6793,1,10.234,2.134,0,0
2.0068,1.813,1.3608,0.67802,1,10.307,2.2071,0,0
1.9974,1.817,1.3519,0.67674,1,10.38,2.2802,0,0
1.9879,1.8211,1.343,0.67547,1,10.453,2.3533,0,0
1.9785,1.8251,1.334,0.67419,1,10.526,2.4264,0,0
1.9691,1.8291,1.3251,0.67291,1,10.599,2.4995,0,0
1.9603,1.833,1.3167,0.6717,1,10.673,2.5726,0,0
1.9522,1.8366,1.3092,0.67059,1,10.746,2.6457,0,0
1.9442,1.8402,1.3017,0.66948,1,10.819,2.7188,0,0
1.9361,1.8438,1.2942,0.66838,1,10.892,2.7919,0,0
1.9281,1.8475,1.2867,0.66727,1,10.965,2.865,0,0
1.9201,1.8511,1.2792,0.66616,1,11.038,2.9381,0,0
1.912,1.8547,1.2717,0.66505,1,11.111,3.0112,0,0
1.904,1.8584,1.2642,0.66395,1,11.184,3.0843,0,0
1.895,1.8626,1.2558,0.66269,1,11.257,3.1574,0,0
1.8853,1.8672,1.247,0.66134,1,11.33,3.2305,0,0
1.8757,1.8718,1.2381,0.65998,1,11.404,3.3036,0,0
1.8661,1.8764,1.2293,0.65863,1,11.477,3.3767,0,0
1.8565,1.881,1.2204,0.65728,1,11.55,3.4498,0,0
1.8468,1.8857,1.2115,0.65592,1,11.623,3.5229,0,0
1.8372,1.8903,1.2027,0.65457,1,11.696,3.596,0,0
1.8276,1.8949,1.1938,0.65321,1,11.769,3.6691,0,0
1.8156,1.901,1.1829,0.65148,1,11.842,3.7422,0,0
1.8028,1.9075,1.1714,0.64962,1,11.915,3.8153,0,0
1.79,1.914,1.1598,0.64775,1,11.988,3.8884,0,0
1.7772,1.9206,1.1483,0.64589,1,12.062,3.9615,0,0
1.7645,1.9271,1.1367,0.64403,1,12.135,4.0346,0,0
1.7517,1.9337,1.1252,0.64216,1,12.208,4.1077,0,0
1.7389,1.9402,1.1136,0.6403,1,12.281,4.1808,0,0
1.7261,1.9468,1.102,0.63843,1,12.354,4.2539,0,0
1.7104,1.9554,1.0882,0.63605,1,12.427,4.327,0,0
1.6941,1.9644,1.0738,0.63356,1,12.5,4.4001,0,0
1.6778,1.9735,1.0594,0.63106,1,12.573,4.4732,0,0
1.6614,1.9825,1.045,0.62857,1,12.646,4.5463,0,0
1.6451,1.9916,1.0306,0.62607,1,12.719,4.6194,0,0
1.6288,2.0006,1.0162,0.62357,1,12.792,4.6925,0,0
1.6124,2.0097,1.0018,0.62108,1,12.866,4.7656,0,0
1.5961,2.0187,0.98737,0.61858,1,12.939,4.8387,0,0
1.576,2.0298,0.97019,0.61549,1,13.012,4.9118,0,0
1.5552,2.0412,0.95248,0.6123,1,13.085,4.9849,0,0
1.5343,2.0527,0.93478,0.6091,1,13.158,5.058,0,0
1.5135,2.0641,0.91708,0.6059,1,13.231,5.1311,0,0
1.4929,2.0766,0.89981,0.60261,1,13.304,5.2042,0,0
1.4723,2.0894,0.88262,0.59931,1,13.377,5.2773,0,0
1.4517,2.1021,0.86543,0.596,1,13.45,5.3504,0,0
1.4311,2.1149,0.84824,0.5927,1,13.524,5.4235,0,0
1.406,2.1311,0.82765,0.58845,1,13.597,5.4966,0,0
1.3799,2.1481,0.80631,0.584,1,13.67,5.5697,0,0
1.3538,2.1652,0.78497,0.57954,1,13.743,5.6428,0,0
1.3277,2.1822,0.76363,0.57509,1,13.816,5.7159,0,0
1.3016,2.2001,0.74288,0.57053,1,13.889,5.789,0,0
1.2755,2.2183,0.7223,0.56593,1,13.962,5.8621,0,0
1.2493,2.2364,0.70172,0.56134,1,14.035,5.9352,0,0
1.2232,2.2546,0.68115,0.55674,1,14.108,6.0083,0,0
1.1989,2.2722,0.66251,0.55237,1,14.181,6.0814,0,0
1.1753,2.2896,0.64455,0.54807,1,14.254,6.1545,0,0
1.1516,2.307,0.62659,0.54377,1,14.328,6.2276,0,0
1.128,2.3244,0.60863,0.53948,1,14.401,6.3007,0,0
1.1063,2.3421,0.5924,0.5353,1,14.474,6.3738,0,0
1.0856,2.3599,0.577,0.53118,1,14.547,6.4469,0,0
1.0649,2.3777,0.5616,0.52706,1,14.62,6.52,0,0
1.0442,2.3955,0.54619,0.52294,1,14.693,6.5931,0,0
1.0229,2.4146,0.53065,0.51857,1,14.766,6.6662,0,0
1.0011,2.4345,0.51501,0.51403,1,14.839,6.7393,0,0
0.97939,2.4544,0.49938,0.50949,1,14.912,6.8124,0,0
0.95764,2.4744,0.48374,0.50495,1,14.986,6.8855,0,0
0.93601,2.4959,0.46835,0.50016,1,15.059,6.9586,0,0
0.91449,2.519,0.45319,0.49511,1,15.132,7.0317,0,0
0.89296,2.5421,0.43804,0.49006,1,15.205,7.1048,0,0
0.87144,2.5652,0.42289,0.48501,1,15.278,7.1779,0,0
0.84961,2.5882,0.40801,0.48004,1,15.351,7.251,0,0
0.82731,2.6109,0.39352,0.47516,1,15.424,7.3241,0,0
0.80502,2.6337,0.37903,0.47028,1,15.497,7.3972,0,0
0.78273,2.6564,0.36455,0.4654,1,15.57,7.4703,0,0
0.76235,2.678,0.35142,0.4609,1,15.643,7.5434,0,0
0.74675,2.6967,0.34171,0.45733,1,15.717,7.6165,0,0
0.73115,2.7154,0.33201,0.45376,1,15.79,7.6896,0,0
0.71556,2.7341,0.3223,0.4502,1,15.863,7.7627,0,0
0.70028,2.7528,0.31281,0.44665,1,15.936,7.8358,0,0
0.6867,2.7717,0.3045,0.44318,1,16.009,7.9089,0,0
0.67312,2.7907,0.29618,0.43971,1,16.082,7.982,0,0
0.65954,2.8096,0.28786,0.43624,1,16.155,8.0551,0,0
0.64595,2.8286,0.27955,0.43277,1,16.228,8.1282,0,0
0.63233,2.8498,0.27134,0.42885,1,16.301,8.2013,0,0
0.61871,2.8711,0.26314,0.42493,1,16.374,8.2744,0,0
0.60508,2.8924,0.25493,0.42102,1,16.448,8.3475,0,0
0.59146,2.9136,0.24673,0.4171,1,16.521,8.4206,0,0
0.58069,2.9324,0.24051,0.41382,1,16.594,8.4937,0,0
0.57039,2.9507,0.23463,0.41065,1,16.667,8.5668,0,0
0.5601,2.9691,0.22874,0.40748,1,16.74,8.6399,0,0
0.54981,2.9874,0.22286,0.4043,1,16.813,8.713,0,0
0.53952,3.0058,0.21697,0.40113,1,16.886,8.7861,0,0
0.52922,3.0241,0.21109,0.39796,1,16.959,8.8592,0,0
0.51893,3.0425,0.2052,0.39479,1,17.032,8.9323,0,0
0.50864,3.0608,0.19932,0.39161,1,17.105,9.0054,0,0
0.49933,3.0784,0.19417,0.38868,1,17.179,9.0785,0,0
0.491,3.0953,0.18975,0.38598,1,17.252,9.1516,0,0
0.48268,3.1122,0.18533,0.38328,1,17.325,9.2247,0,0
0.47436,3.129,0.18092,0.38058,1,17.398,9.2978,0,0
0.46603,3.1459,0.1765,0.37789,1,17.471,9.3709,0,0
0.45771,3.1627,0.17209,0.37519,1,17.544,9.444,0,0
0.44939,3.1796,0.16767,0.37249,1,17.617,9.5171,0,0
0.44107,3.1965,0.16326,0.36979,1,17.69,9.5902,0,0
0.43289,3.2132,0.15893,0.36712,1,17.763,9.6633,0,0
0.42623,3.2291,0.1556,0.36476,1,17.836,9.7364,0,0
0.41957,3.245,0.15226,0.3624,1,17.91,9.8095,0,0
0.41291,3.2609,0.14892,0.36003,1,17.983,9.8826,0,0
0.40625,3.2767,0.14559,0.35767,1,18.056,9.9557,0,0
0.3996,3.2926,0.14225,0.35531,1,18.129,10.029,0,0
0.39294,3.3085,0.13891,0.35294,1,18.202,10.102,0,0
0.38628,3.3244,0.13558,0.35058,1,18.275,10.175,0,0
0.37962,3.3402,0.13224,0.34822,1,18.348,10.248,0,0
0.3735,3.3566,0.12926,0.3459,1,18.421,10.321,0,0
0.36774,3.3732,0.12651,0.34361,1,18.494,10.394,0,0
0.36197,3.3899,0.12375,0.34133,1,18.567,10.467,0,0
0.3562,3.4065,0.121,0.33904,1,18.64,10.54,0,0
0.35043,3.4232,0.11825,0.33675,1,18.714,10.614,0,0
0.34467,3.4398,0.1155,0.33447,1,18.787,10.687,0,0
0.3389,3.4565,0.11274,0.33218,1,18.86,10.76,0,0
0.33313,3.4731,0.10999,0.32989,1,18.933,10.833,0,0
0.32733,3.4899,0.10723,0.32759,1,19.006,10.906,0,0
0.32119,3.5091,0.10444,0.32511,1,19.079,10.979,0,0
0.31504,3.5282,0.10164,0.32263,1,19.152,11.052,0,0
0.30808,3.551,0.098517,0.3197,1,19.225,11.125,0,0
0.30106,3.5741,0.095363,0.31673,1,19.298,11.198,0,0
0.29413,3.5987,0.092273,0.31364,1,19.372,11.271,0,0
0.28722,3.6238,0.089201,0.31052,1,19.445,11.345,0,0
0.27855,3.6552,0.085433,0.30666,1,19.518,11.418,0,0
0.26822,3.6937,0.081018,0.30205,1,19.591,11.491,0,0
0.25708,3.7408,0.076237,0.29654,1,19.664,11.564,0,0
1.0903,0.39798,1.1835,1.0855,1,19.737,11.637,0,0
1.1152,0.3162,1.2389,1.111,1,19.81,11.71,0,0
1.1534,0.27471,1.2661,1.0978,1,19.883,11.783,0,0
1.1792,0.2553,1.2853,1.09,1,19.956,11.856,0,0
1.1987,0.2413,1.3011,1.0854,1,20.029,11.929,0,0
1.2149,0.23021,1.3141,1.0816,1,20.103,12.002,0,0
1.2252,0.22147,1.323,1.0798,1,20.176,12.076,0,0
1.2348,0.21593,1.3331,1.0796,1,20.249,12.149,0,0
1.2387,0.21312,1.3368,1.0791,1,20.322,12.222,0,0
1.2415,0.21081,1.339,1.0786,1,20.395,12.295,0,0
1.2432,0.20936,1.3406,1.0784,1,20.468,12.368,0,0
1.2444,0.20836,1.3418,1.0783,1,20.541,12.441,0,0
1.2447,0.20712,1.3421,1.0782,1,20.614,12.514,0,0
1.2442,0.20563,1.3414,1.0781,1,20.687,12.587,0,0
1.2437,0.20413,1.3408,1.0781,1,20.76,12.66,0,0
1.2432,0.20264,1.3401,1.078,1,20.833,12.733,0,0
1.2425,0.20109,1.3393,1.0779,1,20.907,12.807,0,0
1.2409,0.19917,1.3376,1.078,1,20.98,12.88,0,0
1.2392,0.19726,1.336,1.0781,1,21.053,12.953,0,0
1.2363,0.19414,1.334,1.079,1,21.126,13.026,0,0
1.2334,0.19093,1.332,1.08,1,21.199,13.099,0,0
1.2295,0.18735,1.3302,1.082,1,21.272,13.172,0,0
1.2253,0.18363,1.3286,1.0843,1,21.345,13.245,0,0
1.2208,0.1796,1.3276,1.0875,1,21.418,13.318,0,0
1.2162,0.17534,1.3272,1.0913,1,21.491,13.391,0,0
1.2106,0.17053,1.3267,1.0959,1,21.564,13.464,0,0
1.2041,0.16488,1.3264,1.1016,1,21.638,13.538,0,0
1.2004,0.15956,1.3275,1.1059,1,21.711,13.611,0,0
1.1983,0.15399,1.3271,1.1075,1,21.784,13.684,0,0
1.1995,0.14853,1.3274,1.1067,1,21.857,13.757,0,0
1.2029,0.14318,1.3276,1.1037,1,21.93,13.83,0,0
1.2064,0.13784,1.3277,1.1006,1,22.003,13.903,0,0
1.2099,0.1325,1.3278,1.0975,1,22.076,13.976,0,0
1.2134,0.12715,1.3279,1.0944,1,22.149,14.049,0,0
1.224,0.12456,1.3379,1.093,1,22.222,14.122,0,0
1.2407,0.12437,1.3563,1.0931,1,22.295,14.195,0,0
1.2575,0.12419,1.3747,1.0933,1,22.369,14.269,0,0
1.2742,0.124,1.3932,1.0934,1,22.442,14.342,0,0
1.2909,0.12381,1.4116,1.0935,1,22.515,14.415,0,0
1.3077,0.12362,1.4301,1.0936,1,22.588,14.488,0,0
1.3244,0.12343,1.4485,1.0937,1,22.661,14.561,0,0
1.3412,0.12324,1.467,1.0938,1,22.734,14.634,0,0
1.3579,0.12306,1.4854,1.0939,1,22.807,14.707,0,0
1.3726,0.12496,1.5029,1.0949,1,22.88,14.78,0,0
1.3862,0.12801,1.52,1.0963,1,22.953,14.853,0,0
1.3998,0.13106,1.537,1.0977,1,23.027,14.926,0,0
1.4134,0.13411,1.554,1.0992,1,23.1,15,0,0
1.4271,0.13717,1.571,1.1006,1,23.173,15.073,0,0
1.4407,0.14022,1.5881,1.1021,1,23.246,15.146,0,0
1.4543,0.14327,1.6051,1.1035,1,23.319,15.219,0,0
1.4679,0.14632,1.6221,1.1049,1,23.392,15.292,0,0
1.4815,0.14937,1.6392,1.1064,1,23.465,15.365,0,0
1.4866,0.15593,1.6457,1.107,1,23.538,15.438,0,0
1.4878,0.16404,1.6475,1.1073,1,23.611,15.511,0,0
1.4891,0.17215,1.6494,1.1076,1,23.684,15.584,0,0
1.4904,0.18025,1.6512,1.1079,1,23.757,15.657,0,0
1.4917,0.18836,1.6531,1.1082,1,23.831,15.731,0,0
1.493,0.19647,1.6549,1.1085,1,23.904,15.804,0,0
1.4943,0.20458,1.6568,1.1088,1,23.977,15.877,0,0
1.4955,0.21269,1.6586,1.109,1,24.05,15.95,0,0
1.4968,0.22079,1.6605,1.1093,1,24.123,16.023,0,0
1.4951,0.23127,1.6573,1.1085,1,24.196,16.096,0,0
1.492,0.24284,1.6519,1.1072,1,24.269,16.169,0,0
1.4888,0.25442,1.6464,1.1058,1,24.342,16.242,0,0
1.4857,0.266,1.641,1.1045,1,24.415,16.315,0,0
1.4826,0.27758,1.6355,1.1031,1,24.489,16.389,0,0
1.4794,0.28916,1.6301,1.1018,1,24.562,16.462,0,0
1.4763,0.30074,1.6246,1.1004,1,24.635,16.535,0,0
1.4731,0.31231,1.6191,1.0991,1,24.708,16.608,0,0
1.47,0.32389,1.6137,1.0977,1,24.781,16.681,0,0
1.4675,0.33596,1.6085,1.096,1,24.854,16.754,0,0
1.4655,0.34834,1.6035,1.0942,1,24.927,16.827,0,0
1.4635,0.36071,1.5986,1.0923,1,25,16.9,0,0
1.4614,0.37309,1.5936,1.0904,1,25.073,16.973,0,0
1.4594,0.38547,1.5886,1.0885,1,25.146,17.046,0,0
1.4574,0.39785,1.5836,1.0866,1,25.219,17.119,0,0
1.4553,0.41022,1.5787,1.0847,1,25.293,17.193,0,0
1.4533,0.4226,1.5737,1.0828,1,25.366,17.266,0,0
1.4512,0.43498,1.5687,1.0809,1,25.439,17.339,0,0
1.4487,0.44761,1.5629,1.0788,1,25.512,17.412,0,0
1.4457,0.46051,1.5562,1.0764,1,25.585,17.485,0,0
1.4426,0.47342,1.5495,1.074,1,25.658,17.558,0,0
1.4396,0.48632,1.5427,1.0715,1,25.731,17.631,0,0
1.4365,0.49923,1.536,1.0691,1,25.804,17.704,0,0
1.4335,0.51213,1.5293,1.0667,1,25.877,17.777,0,0
1.4305,0.52504,1.5225,1.0643,1,25.951,17.851,0,0
1.4274,0.53794,1.5158,1.0619,1,26.024,17.924,0,0
1.4244,0.55085,1.5091,1.0594,1,26.097,17.997,0,0
1.4207,0.56389,1.5015,1.0569,1,26.17,18.07,0,0
1.4154,0.57729,1.4918,1.0539,1,26.243,18.143,0,0
1.4101,0.59068,1.4821,1.051,1,26.316,18.216,0,0
1.4047,0.60407,1.4725,1.048,1,26.389,18.289,0,0
1.3994,0.61747,1.4628,1.045,1,26.462,18.362,0,0
1.3941,0.63086,1.4531,1.0421,1,26.535,18.435,0,0
1.3888,0.64425,1.4434,1.0391,1,26.608,18.508,0,0
1.3835,0.65765,1.4337,1.0362,1,26.681,18.581,0,0
1.3782,0.67104,1.4241,1.0332,1,26.755,18.655,0,0
1.3728,0.68444,1.4143,1.0302,1,26.828,18.728,0,0
1.3653,0.69803,1.402,1.0267,1,26.901,18.801,0,0
1.3578,0.71163,1.3897,1.0232,1,26.974,18.874,0,0
1.3502,0.72523,1.3774,1.0197,1,27.047,18.947,0,0
1.3427,0.73882,1.3651,1.0162,1,27.12,19.02,0,0
1.3352,0.75242,1.3528,1.0128,1,27.193,19.093,0,0
1.3277,0.76602,1.3405,1.0093,1,27.266,19.166,0,0
1.3201,0.77961,1.3282,1.0058,1,27.339,19.239,0,0
1.3126,0.79321,1.3159,1.0023,1,27.413,19.312,0,0
1.3051,0.80681,1.3036,0.99877,1,27.486,19.386,0,0
1.2966,0.82031,1.2904,0.99505,1,27.559,19.459,0,0
1.2877,0.83379,1.2769,0.99123,1,27.632,19.532,0,0
1.2788,0.84726,1.2633,0.98741,1,27.705,19.605,0,0
1.2699,0.86073,1.2498,0.98359,1,27.778,19.678,0,0
1.2611,0.8742,1.2363,0.97976,1,27.851,19.751,0,0
1.2522,0.88767,1.2228,0.97594,1,27.924,19.824,0,0
1.2433,0.90114,1.2092,0.97212,1,27.997,19.897,0,0
1.2344,0.91461,1.1957,0.9683,1,28.07,19.97,0,0
1.2255,0.92808,1.1822,0.96448,1,28.143,20.043,0,0
1.2165,0.94139,1.1687,0.96064,1,28.217,20.117,0,0
1.2071,0.95436,1.1553,0.95676,1,28.29,20.19,0,0
1.1978,0.96732,1.142,0.95288,1,28.363,20.263,0,0
1.1885,0.98029,1.1286,0.949,1,28.436,20.336,0,0
1.1791,0.99325,1.1152,0.94512,1,28.509,20.409,0,0
1.1698,1.0062,1.1018,0.94124,1,28.582,20.482,0,0
1.1604,1.0192,1.0884,0.93736,1,28.655,20.555,0,0
1.1511,1.0322,1.0751,0.93348,1,28.728,20.628,0,0
1.1417,1.0451,1.0617,0.9296,1,28.801,20.701,0,0
1.1324,1.0581,1.0483,0.92572,1,28.875,20.774,0,0
1.1232,1.0705,1.0357,0.92185,1,28.948,20.848,0,0
1.114,1.0828,1.0231,0.91799,1,29.021,20.921,0,0
1.1048,1.0952,1.0106,0.91412,1,29.094,20.994,0,0
1.0956,1.1075,0.99806,0.91026,1,29.167,21.067,0,0
1.0864,1.1198,0.98553,0.90639,1,29.24,21.14,0,0
1.0772,1.1321,0.97299,0.90253,1,29.313,21.213,0,0
1.0681,1.1445,0.96046,0.89866,1,29.386,21.286,0,0
1.0589,1.1568,0.94792,0.89479,1,29.459,21.359,0,0
1.0497,1.1691,0.93539,0.89093,1,29.532,21.432,0,0
1.0407,1.1812,0.92334,0.88713,1,29.605,21.505,0,0
1.0321,1.1927,0.91214,0.88345,1,29.679,21.579,0,0
1.0235,1.2042,0.90094,0.87976,1,29.752,21.652,0,0
1.0148,1.2157,0.88975,0.87608,1,29.825,21.725,0,0
1.0062,1.2272,0.87855,0.8724,1,29.898,21.798,0,0
0.9976,1.2386,0.86735,0.86872,1,29.971,21.871,0,0
0.98899,1.2501,0.85615,0.86503,1,30.044,21.944,0,0
0.98037,1.2616,0.84496,0.86135,1,30.117,22.017,0,0
0.97175,1.2731,0.83376,0.85767,1,30.19,22.09,0,0
0.96313,1.2846,0.82256,0.85398,1,30.263,22.163,0,0
0.95519,1.2953,0.81264,0.85056,1,30.337,22.236,0,0
0.94744,1.3058,0.80305,0.84722,1,30.41,22.31,0,0
0.93969,1.3163,0.79347,0.84387,1,30.483,22.383,0,0
0.93193,1.3268,0.78388,0.84052,1,30.556,22.456,0,0
0.92418,1.3373,0.7743,0.83717,1,30.629,22.529,0,0
0.91643,1.3478,0.76471,0.83382,1,30.702,22.602,0,0
0.90867,1.3583,0.75513,0.83047,1,30.775,22.675,0,0
0.90092,1.3688,0.74554,0.82712,1,30.848,22.748,0,0
0.89317,1.3793,0.73596,0.82377,1,30.921,22.821,0,0
0.88558,1.3897,0.72662,0.82048,1,30.994,22.894,0,0
0.87898,1.3989,0.71879,0.81754,1,31.068,22.968,0,0
0.87238,1.4082,0.71096,0.8146,1,31.141,23.041,0,0
0.86578,1.4175,0.70312,0.81166,1,31.214,23.114,0,0
0.85918,1.4268,0.69529,0.80873,1,31.287,23.187,0,0
0.85258,1.436,0.68745,0.80579,1,31.36,23.26,0,0
0.84598,1.4453,0.67962,0.80285,1,31.433,23.333,0,0
0.83938,1.4546,0.67178,0.79991,1,31.506,23.406,0,0
0.83278,1.4638,0.66395,0.79697,1,31.579,23.479,0,0
0.82618,1.4731,0.65612,0.79403,1,31.652,23.552,0,0
0.82036,1.4815,0.64923,0.79134,1,31.725,23.625,0,0
0.81556,1.4889,0.6436,0.78898,1,31.799,23.698,0,0
0.81077,1.4962,0.63796,0.78661,1,31.872,23.772,0,0
0.80597,1.5035,0.63233,0.78425,1,31.945,23.845,0,0
0.80117,1.5108,0.62669,0.78188,1,32.018,23.918,0,0
0.79637,1.5182,0.62105,0.77952,1,32.091,23.991,0,0
0.79158,1.5255,0.61542,0.77715,1,32.164,24.064,0,0
0.78678,1.5328,0.60978,0.77478,1,32.237,24.137,0,0
0.78198,1.5402,0.60414,0.77242,1,32.31,24.21,0,0
0.77718,1.5475,0.59851,0.77005,1,32.383,24.283,0,0
0.77429,1.5535,0.59478,0.76813,1,32.456,24.356,0,0
0.7724,1.5588,0.59204,0.76643,1,32.53,24.43,0,0
0.77051,1.5641,0.5893,0.76474,1,32.603,24.503,0,0
0.76861,1.5694,0.58656,0.76304,1,32.676,24.576,0,0
0.76672,1.5747,0.58382,0.76135,1,32.749,24.649,0,0
0.76482,1.58,0.58108,0.75965,1,32.822,24.722,0,0
0.76293,1.5853,0.57834,0.75796,1,32.895,24.795,0,0
0.76103,1.5906,0.57559,0.75626,1,32.968,24.868,0,0
0.75914,1.5959,0.57285,0.75457,1,33.041,24.941,0,0
0.75724,1.6012,0.57011,0.75287,1,33.114,25.014,0,0
0.75677,1.6051,0.5688,0.75161,1,33.187,25.087,0,0
0.75662,1.6087,0.5678,0.75044,1,33.26,25.16,0,0
0.75647,1.6123,0.56681,0.74927,1,33.334,25.234,0,0
0.75632,1.6158,0.56581,0.7481,1,33.407,25.307,0,0
0.75617,1.6194,0.56481,0.74694,1,33.48,25.38,0,0
0.75602,1.623,0.56382,0.74577,1,33.553,25.453,0,0
0.75587,1.6266,0.56282,0.7446,1,33.626,25.526,0,0
0.75572,1.6302,0.56183,0.74343,1,33.699,25.599,0,0
0.75557,1.6338,0.56083,0.74226,1,33.772,25.672,0,0
0.75542,1.6374,0.55984,0.74109,1,33.845,25.745,0,0
0.75567,1.6398,0.55935,0.74021,1,33.918,25.818,0,0
0.75596,1.6421,0.55892,0.73935,1,33.992,25.892,0,0
0.75626,1.6443,0.55849,0.7385,1,34.065,25.965,0,0
0.75655,1.6466,0.55806,0.73764,1,34.138,26.038,0,0
0.75685,1.6489,0.55763,0.73679,1,34.211,26.111,0,0
0.75714,1.6511,0.5572,0.73593,1,34.284,26.184,0,0
0.75743,1.6534,0.55677,0.73508,1,34.357,26.257,0,0
0.75773,1.6556,0.55633,0.73422,1,34.43,26.33,0,0
0.75802,1.6579,0.5559,0.73336,1,34.503,26.403,0,0
0.75832,1.6602,0.55547,0.73251,1,34.576,26.476,0,0
0.76014,1.6606,0.55643,0.73202,1,34.649,26.549,0,0
0.76209,1.6609,0.55749,0.73155,1,34.722,26.622,0,0
0.76403,1.6612,0.55856,0.73109,1,34.796,26.696,0,0
0.76597,1.6615,0.55962,0.73063,1,34.869,26.769,0,0
0.76791,1.6619,0.56068,0.73016,1,34.942,26.842,0,0
0.76986,1.6622,0.56174,0.7297,1,35.015,26.915,0,0
0.7718,1.6625,0.56281,0.72924,1,35.088,26.988,0,0
0.77374,1.6628,0.56387,0.72877,1,35.161,27.061,0,0
0.77569,1.6631,0.56493,0.72831,1,35.234,27.134,0,0
0.77763,1.6634,0.566,0.72785,1,35.307,27.207,0,0
0.78272,1.6584,0.57093,0.72931,1,35.38,27.28,0,0
0.78823,1.6528,0.57636,0.73103,1,35.453,27.354,0,0
0.79374,1.6471,0.5818,0.73274,1,35.527,27.427,0,0
0.79924,1.6415,0.58724,0.73446,1,35.6,27.5,0,0
0.80475,1.6358,0.59267,0.73617,1,35.673,27.573,0,0
0.81025,1.6302,0.59811,0.73789,1,35.746,27.646,0,0
0.81576,1.6245,0.60354,0.7396,1,35.819,27.719,0,0
0.82126,1.6189,0.60898,0.74131,1,35.892,27.792,0,0
0.82677,1.6133,0.61442,0.74303,1,35.965,27.865,0,0
0.83227,1.6076,0.61985,0.74474,1,36.038,27.938,0,0
0.84144,1.5986,0.6293,0.7476,1,36.111,28.011,0,0
0.85169,1.5885,0.63993,0.75079,1,36.185,28.084,0,0
0.86195,1.5785,0.65056,0.75398,1,36.258,28.158,0,0
0.8722,1.5684,0.66119,0.75717,1,36.331,28.231,0,0
0.88245,1.5584,0.67182,0.76036,1,36.404,28.304,0,0
0.8927,1.5483,0.68245,0.76355,1,36.477,28.377,0,0
0.90295,1.5383,0.69308,0.76674,1,36.55,28.45,0,0
0.91321,1.5282,0.70372,0.76993,1,36.623,28.523,0,0
0.92346,1.5182,0.71435,0.77312,1,36.696,28.596,0,0
0.93371,1.5081,0.72498,0.77631,1,36.769,28.669,0,0
0.94664,1.4965,0.73879,0.78007,1,36.842,28.742,0,0
0.96142,1.4837,0.75481,0.78422,1,36.916,28.816,0,0
0.9762,1.4709,0.77082,0.78837,1,36.989,28.889,0,0
0.99098,1.4582,0.78684,0.79252,1,37.062,28.962,0,0
1.0058,1.4454,0.80286,0.79667,1,37.135,29.035,0,0
1.0205,1.4327,0.81888,0.80083,1,37.208,29.108,0,0
1.0353,1.4199,0.8349,0.80498,1,37.281,29.181,0,0
1.0501,1.4072,0.85092,0.80913,1,37.354,29.254,0,0
1.0649,1.3944,0.86694,0.81328,1,37.427,29.327,0,0
1.0797,1.3816,0.88295,0.81743,1,37.5,29.4,0,0
1.095,1.3693,0.89974,0.82145,1,37.573,29.473,0,0
1.1116,1.3578,0.91803,0.82522,1,37.646,29.546,0,0
1.1281,1.3464,0.93631,0.82899,1,37.72,29.62,0,0
1.1446,1.3349,0.95459,0.83275,1,37.793,29.693,0,0
1.1611,1.3235,0.97288,0.83652,1,37.866,29.766,0,0
1.1776,1.312,0.99116,0.84028,1,37.939,29.839,0,0
1.1941,1.3005,1.0094,0.84405,1,38.012,29.912,0,0
1.2106,1.2891,1.0277,0.84782,1,38.085,29.985,0,0
1.2271,1.2776,1.046,0.85158,1,38.158,30.058,0,0
1.2436,1.2662,1.0643,0.85535,1,38.231,30.131,0,0
1.2601,1.2548,1.0825,0.85908,1,38.304,30.204,0,0
1.2751,1.2487,1.0982,0.86107,1,38.378,30.278,0,0
1.2901,1.2426,1.114,0.86306,1,38.451,30.351,0,0
1.3052,1.2365,1.1297,0.86504,1,38.524,30.424,0,0
1.3202,1.2304,1.1454,0.86703,1,38.597,30.497,0,0
1.3352,1.2243,1.1611,0.86902,1,38.67,30.57,0,0
1.3502,1.2181,1.1768,0.871,1,38.743,30.643,0,0
1.3652,1.212,1.1926,0.87299,1,38.816,30.716,0,0
1.3803,1.2059,1.2083,0.87498,1,38.889,30.789,0,0
1.3953,1.1998,1.224,0.87696,1,38.962,30.862,0,0
1.4103,1.1937,1.2397,0.87895,1,39.035,30.935,0,0
1.4239,1.1906,1.253,0.87997,1,39.108,31.008,0,0
1.4366,1.1892,1.2649,0.88042,1,39.182,31.082,0,0
1.4493,1.1878,1.2768,0.88087,1,39.255,31.155,0,0
1.4621,1.1864,1.2887,0.88132,1,39.328,31.228,0,0
1.4748,1.185,1.3006,0.88177,1,39.401,31.301,0,0
1.4875,1.1837,1.3125,0.88222,1,39.474,31.374,0,0
1.5002,1.1823,1.3244,0.88267,1,39.547,31.447,0,0
1.513,1.1809,1.3363,0.88312,1,39.62,31.52,0,0
1.5257,1.1795,1.3481,0.88357,1,39.693,31.593,0,0
1.5384,1.1781,1.36,0.88402,1,39.766,31.666,0,0
1.5507,1.177,1.3714,0.8844,1,39.84,31.74,0,0
1.5605,1.1769,1.3802,0.88445,1,39.913,31.813,0,0
1.5704,1.1768,1.389,0.8845,1,39.986,31.886,0,0
1.5803,1.1767,1.3978,0.88454,1,40.059,31.959,0,0
1.5901,1.1767,1.4066,0.88459,1,40.132,32.032,0,0
1.6,1.1766,1.4154,0.88464,1,40.205,32.105,0,0
1.6099,1.1765,1.4242,0.88469,1,40.278,32.178,0,0
1.6197,1.1764,1.433,0.88473,1,40.351,32.251,0,0
1.6296,1.1764,1.4419,0.88478,1,40.424,32.324,0,0
1.6395,1.1763,1.4507,0.88483,1,40.497,32.397,0,0
1.6493,1.1762,1.4595,0.88488,1,40.571,32.471,0,0
1.656,1.1763,1.4657,0.88506,1,40.644,32.544,0,0
1.6609,1.1764,1.4704,0.88533,1,40.717,32.617,0,0
1.6657,1.1765,1.4752,0.88559,1,40.79,32.69,0,0
1.6706,1.1766,1.4799,0.88585,1,40.863,32.763,0,0
1.6754,1.1767,1.4846,0.88612,1,40.936,32.836,0,0
1.6802,1.1768,1.4894,0.88638,1,41.009,32.909,0,0
1.6851,1.1769,1.4941,0.88665,1,41.082,32.982,0,0
1.6899,1.177,1.4988,0.88691,1,41.155,33.055,0,0
1.6948,1.1771,1.5036,0.88717,1,41.228,33.128,0,0
1.6996,1.1772,1.5083,0.88744,1,41.301,33.201,0,0
1.7043,1.1773,1.5129,0.88769,1,41.375,33.275,0,0
1.7029,1.1788,1.5111,0.88736,1,41.448,33.348,0,0
1.7014,1.1804,1.5092,0.88702,1,41.521,33.421,0,0
1.7,1.1819,1.5074,0.88669,1,41.594,33.494,0,0
1.6986,1.1834,1.5056,0.88636,1,41.667,33.567,0,0
1.6972,1.1849,1.5038,0.88603,1,41.74,33.64,0,0
1.6957,1.1865,1.5019,0.8857,1,41.813,33.713,0,0
1.6943,1.188,1.5001,0.88537,1,41.886,33.786,0,0
1.6929,1.1895,1.4983,0.88504,1,41.959,33.859,0,0
1.6915,1.191,1.4965,0.88471,1,42.033,33.932,0,0
1.6901,1.1926,1.4946,0.88437,1,42.106,34.006,0,0
1.687,1.1949,1.4908,0.88367,1,42.179,34.079,0,0
1.681,1.1989,1.4832,0.88225,1,42.252,34.152,0,0
1.675,1.2028,1.4755,0.88084,1,42.325,34.225,0,0
1.6689,1.2068,1.4679,0.87943,1,42.398,34.298,0,0
1.6629,1.2107,1.4603,0.87802,1,42.471,34.371,0,0
1.6569,1.2147,1.4527,0.87661,1,42.544,34.444,0,0
1.6509,1.2186,1.4451,0.8752,1,42.617,34.517,0,0
1.6448,1.2226,1.4374,0.87378,1,42.69,34.59,0,0
1.6388,1.2265,1.4298,0.87237,1,42.764,34.664,0,0
1.6328,1.2305,1.4222,0.87096,1,42.837,34.737,0,0
1.6267,1.2344,1.4146,0.86955,1,42.91,34.81,0,0
1.6196,1.2392,1.4057,0.86787,1,42.983,34.883,0,0
1.6117,1.2446,1.3959,0.86601,1,43.056,34.956,0,0
1.6038,1.25,1.3862,0.86415,1,43.129,35.029,0,0
1.5958,1.2554,1.3765,0.86229,1,43.202,35.102,0,0
1.5879,1.2608,1.3667,0.86043,1,43.275,35.175,0,0
1.58,1.2661,1.357,0.85857,1,43.348,35.248,0,0
1.5721,1.2715,1.3473,0.85671,1,43.421,35.321,0,0
1.5642,1.2769,1.3375,0.85485,1,43.494,35.395,0,0
1.5563,1.2823,1.3278,0.85299,1,43.568,35.468,0,0
1.5484,1.2877,1.318,0.85113,1,43.641,35.541,0,0
1.5405,1.2931,1.3083,0.84927,1,43.714,35.614,0,0
1.5319,1.2992,1.2979,0.84717,1,43.787,35.687,0,0
1.5232,1.3057,1.2874,0.845,1,43.86,35.76,0,0
1.5145,1.3121,1.2769,0.84283,1,43.933,35.833,0,0
1.5057,1.3185,1.2663,0.84066,1,44.006,35.906,0,0
1.497,1.3249,1.2558,0.83849,1,44.079,35.979,0,0
1.4883,1.3314,1.2452,0.83632,1,44.152,36.052,0,0
1.4796,1.3378,1.2347,0.83415,1,44.226,36.125,0,0
1.4708,1.3442,1.2242,0.83197,1,44.299,36.199,0,0
1.4621,1.3506,1.2136,0.8298,1,44.372,36.272,0,0
1.4534,1.357,1.2031,0.82763,1,44.445,36.345,0,0
1.4447,1.3635,1.1926,0.82546,1,44.518,36.418,0,0
1.4357,1.3705,1.182,0.82313,1,44.591,36.491,0,0
1.4267,1.3777,1.1713,0.82077,1,44.664,36.564,0,0
1.4177,1.3849,1.1607,0.81841,1,44.737,36.637,0,0
1.4087,1.392,1.1501,0.81606,1,44.81,36.71,0,0
1.3997,1.3992,1.1395,0.8137,1,44.883,36.783,0,0
1.3906,1.4063,1.1289,0.81134,1,44.956,36.856,0,0
1.3816,1.4135,1.1183,0.80899,1,45.03,36.93,0,0
1.3726,1.4207,1.1077,0.80663,1,45.103,37.003,0,0
1.3636,1.4278,1.0971,0.80427,1,45.176,37.076,0,0
1.3546,1.435,1.0865,0.80191,1,45.249,37.149,0,0
1.3456,1.4421,1.0759,0.79956,1,45.322,37.222,0,0
1.3367,1.4496,1.0657,0.79713,1,45.395,37.295,0,0
1.3278,1.4571,1.0556,0.7947,1,45.468,37.368,0,0
1.319,1.4646,1.0455,0.79227,1,45.541,37.441,0,0
1.3101,1.4721,1.0354,0.78984,1,45.614,37.514,0,0
1.3012,1.4796,1.0253,0.78741,1,45.688,37.588,0,0
1.2924,1.4871,1.0151,0.78498,1,45.761,37.661,0,0
1.2835,1.4946,1.005,0.78255,1,45.834,37.734,0,0
1.2746,1.5021,0.99491,0.78012,1,45.907,37.807,0,0
1.2658,1.5096,0.98479,0.77769,1,45.98,37.88,0,0
1.2569,1.5171,0.97467,0.77526,1,46.053,37.953,0,0
1.248,1.5247,0.96455,0.77283,1,46.126,38.026,0,0
1.2397,1.5321,0.9553,0.77045,1,46.199,38.099,0,0
1.2315,1.5395,0.94619,0.76808,1,46.272,38.172,0,0
1.2232,1.547,0.93709,0.7657,1,46.345,38.245,0,0
1.215,1.5544,0.92799,0.76333,1,46.419,38.319,0,0
1.2068,1.5619,0.91888,0.76096,1,46.492,38.392,0,0
1.1985,1.5693,0.90978,0.75858,1,46.565,38.465,0,0
1.1903,1.5768,0.90067,0.75621,1,46.638,38.538,0,0
1.182,1.5842,0.89157,0.75384,1,46.711,38.611,0,0
1.1738,1.5917,0.88247,0.75146,1,46.784,38.684,0,0
1.1656,1.5991,0.87336,0.74909,1,46.857,38.757,0,0
1.1573,1.6065,0.86426,0.74672,1,46.93,38.83,0,0
1.1498,1.6137,0.85608,0.74445,1,47.003,38.903,0,0
1.1425,1.6209,0.84826,0.74223,1,47.076,38.976,0,0
1.1352,1.628,0.84043,0.74,1,47.149,39.049,0,0
1.1279,1.6351,0.8326,0.73777,1,47.223,39.123,0,0
1.1206,1.6422,0.82477,0.73555,1,47.296,39.196,0,0
1.1133,1.6493,0.81695,0.73332,1,47.369,39.269,0,0
1.1061,1.6564,0.80912,0.73109,1,47.442,39.342,0,0
1.0988,1.6635,0.80129,0.72887,1,47.515,39.415,0,0
1.0915,1.6706,0.79346,0.72664,1,47.588,39.488,0,0
1.0842,1.6777,0.78564,0.72442,1,47.661,39.561,0,0
1.0769,1.6848,0.77781,0.72219,1,47.734,39.634,0,0
1.0703,1.6915,0.77078,0.72011,1,47.807,39.707,0,0
1.0642,1.6979,0.76447,0.71816,1,47.881,39.78,0,0
1.0582,1.7042,0.75815,0.71621,1,47.954,39.854,0,0
1.0522,1.7106,0.75183,0.71426,1,48.027,39.927,0,0
1.0461,1.7169,0.74552,0.71231,1,48.1,40,0,0
1.0401,1.7233,0.7392,0.71036,1,48.173,40.073,0,0
1.034,1.7296,0.73288,0.70841,1,48.246,40.146,0,0
1.028,1.736,0.72657,0.70646,1,48.319,40.219,0,0
1.022,1.7423,0.72025,0.70451,1,48.392,40.292,0,0
1.0159,1.7487,0.71393,0.70256,1,48.465,40.365,0,0
1.0099,1.755,0.70762,0.70061,1,48.538,40.438,0,0
1.0043,1.761,0.70184,0.6988,1,48.612,40.512,0,0
1.0002,1.7656,0.69761,0.69738,1,48.685,40.585,0,0
0.99611,1.7702,0.69338,0.69596,1,48.758,40.658,0,0
0.992,1.7748,0.68915,0.69455,1,48.831,40.731,0,0
0.98789,1.7795,0.68492,0.69313,1,48.904,40.804,0,0
0.98378,1.7841,0.68069,0.69172,1,48.977,40.877,0,0
0.97967,1.7887,0.67645,0.6903,1,49.05,40.95,0,0
0.97556,1.7934,0.67222,0.68889,1,49.123,41.023,0,0
0.97144,1.798,0.66799,0.68747,1,49.196,41.096,0,0
0.96733,1.8026,0.66376,0.68606,1,49.269,41.169,0,0
0.96322,1.8072,0.65953,0.68464,1,49.342,41.243,0,0
0.95911,1.8119,0.6553,0.68323,1,49.416,41.316,0,0
0.95777,1.8148,0.65351,0.68232,1,49.489,41.389,0,0
0.9567,1.8175,0.65196,0.68146,1,49.562,41.462,0,0
0.95562,1.8202,0.65041,0.68059,1,49.635,41.535,0,0
0.95455,1.8229,0.64887,0.67973,1,49.708,41.608,0,0
0.95348,1.8256,0.64732,0.67887,1,49.781,41.681,0,0
0.95241,1.8283,0.64577,0.67801,1,49.854,41.754,0,0
0.95134,1.831,0.64422,0.67715,1,49.927,41.827,0,0
0.95026,1.8337,0.64267,0.67628,1,50,41.9,0,0
0.94919,1.8364,0.64113,0.67542,1,50.074,41.973,0,0
0.94812,1.8391,0.63958,0.67456,1,50.147,42.047,0,0
0.94705,1.8418,0.63803,0.6737,1,50.22,42.12,0,0
0.94669,1.8438,0.63707,0.67295,1,50.293,42.193,0,0
0.94708,1.8451,0.63675,0.67233,1,50.366,42.266,0,0
0.94748,1.8464,0.63643,0.67171,1,50.439,42.339,0,0
0.94788,1.8477,0.63611,0.67109,1,50.512,42.412,0,0
0.94828,1.849,0.63579,0.67047,1,50.585,42.485,0,0
0.94867,1.8503,0.63546,0.66985,1,50.658,42.558,0,0
0.94907,1.8516,0.63514,0.66923,1,50.731,42.631,0,0
0.94947,1.853,0.63482,0.66861,1,50.804,42.704,0,0
0.94987,1.8543,0.6345,0.66799,1,50.878,42.778,0,0
0.95027,1.8556,0.63418,0.66737,1,50.951,42.851,0,0
0.95066,1.8569,0.63386,0.66675,1,51.024,42.924,0,0
0.95106,1.8582,0.63353,0.66613,1,51.097,42.997,0,0
0.95308,1.856,0.63552,0.66679,1,51.17,43.07,0,0
0.95514,1.8537,0.63757,0.66748,1,51.243,43.143,0,0
0.9572,1.8514,0.63961,0.66817,1,51.316,43.216,0,0
0.95927,1.8491,0.64166,0.66886,1,51.389,43.289,0,0
0.96133,1.8469,0.64371,0.66956,1,51.462,43.362,0,0
0.96339,1.8446,0.64576,0.67025,1,51.535,43.436,0,0
0.96545,1.8423,0.64781,0.67094,1,51.609,43.509,0,0
0.96752,1.84,0.64985,0.67163,1,51.682,43.582,0,0
0.96958,1.8377,0.6519,0.67232,1,51.755,43.655,0,0
0.97164,1.8355,0.65395,0.67301,1,51.828,43.728,0,0
0.9737,1.8332,0.656,0.67371,1,51.901,43.801,0,0
0.97698,1.8298,0.65919,0.67469,1,51.974,43.874,0,0
0.98219,1.8248,0.66419,0.67613,1,52.047,43.947,0,0
0.98739,1.8197,0.66919,0.67757,1,52.12,44.02,0,0
0.9926,1.8147,0.6742,0.67901,1,52.193,44.093,0,0
0.99781,1.8096,0.6792,0.68045,1,52.267,44.167,0,0
1.003,1.8046,0.6842,0.68189,1,52.34,44.24,0,0
1.0082,1.7995,0.68921,0.68334,1,52.413,44.313,0,0
1.0134,1.7944,0.69421,0.68478,1,52.486,44.386,0,0
1.0186,1.7894,0.69921,0.68622,1,52.559,44.459,0,0
1.0238,1.7843,0.70422,0.68766,1,52.632,44.532,0,0
1.029,1.7793,0.70922,0.6891,1,52.705,44.605,0,0
1.0343,1.7742,0.71422,0.69054,1,52.778,44.678,0,0
1.0428,1.7665,0.72266,0.69277,1,52.851,44.751,0,0
1.0528,1.7577,0.73242,0.69531,1,52.924,44.824,0,0
1.0627,1.749,0.74219,0.69784,1,52.997,44.897,0,0
1.0726,1.7402,0.75195,0.70038,1,53.071,44.971,0,0
1.0825,1.7314,0.76172,0.70292,1,53.144,45.044,0,0
1.0924,1.7227,0.77148,0.70545,1,53.217,45.117,0,0
1.1023,1.7139,0.78125,0.70799,1,53.29,45.19,0,0
1.1122,1.7051,0.79101,0.71052,1,53.363,45.263,0,0
1.1221,1.6964,0.80078,0.71306,1,53.436,45.336,0,0
1.132,1.6876,0.81054,0.71559,1,53.509,45.409,0,0
1.1419,1.6788,0.82031,0.71813,1,53.582,45.482,0,0
1.1518,1.6701,0.83007,0.72066,1,53.655,45.555,0,0
1.1665,1.6581,0.84556,0.72434,1,53.729,45.628,0,0
1.1814,1.6462,0.86118,0.72805,1,53.802,45.702,0,0
1.1962,1.6342,0.87679,0.73175,1,53.875,45.775,0,0
1.2111,1.6222,0.89241,0.73546,1,53.948,45.848,0,0
1.2259,1.6102,0.90802,0.73916,1,54.021,45.921,0,0
1.2407,1.5982,0.92363,0.74287,1,54.094,45.994,0,0
1.2556,1.5862,0.93925,0.74658,1,54.167,46.067,0,0
1.2704,1.5742,0.95487,0.75028,1,54.24,46.14,0,0
1.2853,1.5622,0.97048,0.75399,1,54.313,46.213,0,0
1.3001,1.5502,0.98609,0.75769,1,54.386,46.286,0,0
1.315,1.5382,1.0017,0.7614,1,54.46,46.36,0,0
1.33,1.5264,1.0176,0.76507,1,54.533,46.433,0,0
1.3459,1.5156,1.0351,0.76857,1,54.606,46.506,0,0
1.3618,1.5048,1.0526,0.77207,1,54.679,46.579,0,0
1.3777,1.494,1.0701,0.77557,1,54.752,46.652,0,0
1.3937,1.4831,1.0876,0.77907,1,54.825,46.725,0,0
1.4096,1.4723,1.105,0.78257,1,54.898,46.798,0,0
1.4255,1.4615,1.1225,0.78606,1,54.971,46.871,0,0
1.4414,1.4507,1.14,0.78956,1,55.044,46.944,0,0
1.4574,1.4399,1.1575,0.79306,1,55.117,47.017,0,0
1.4733,1.4291,1.175,0.79656,1,55.19,47.09,0,0
1.4892,1.4183,1.1925,0.80006,1,55.264,47.164,0,0
1.5051,1.4075,1.2099,0.80356,1,55.337,47.237,0,0
1.5198,1.3983,1.2259,0.80654,1,55.41,47.31,0,0
1.5309,1.3938,1.2372,0.80803,1,55.483,47.383,0,0
1.5419,1.3894,1.2486,0.80951,1,55.556,47.456,0,0
1.553,1.3849,1.26,0.811,1,55.629,47.529,0,0
1.5641,1.3804,1.2713,0.81248,1,55.702,47.602,0,0
1.5751,1.3759,1.2827,0.81397,1,55.775,47.675,0,0
1.5862,1.3715,1.2941,0.81545,1,55.848,47.748,0,0
1.5972,1.367,1.3054,0.81694,1,55.922,47.821,0,0
1.6083,1.3625,1.3168,0.81842,1,55.995,47.895,0,0
1.6194,1.358,1.3282,0.81991,1,56.068,47.968,0,0
1.6304,1.3536,1.3395,0.8214,1,56.141,48.041,0,0
1.6415,1.3491,1.3509,0.82288,1,56.214,48.114,0,0
1.6511,1.3457,1.3606,0.82407,1,56.287,48.187,0,0
1.6566,1.3455,1.3657,0.82443,1,56.36,48.26,0,0
1.662,1.3452,1.3709,0.8248,1,56.433,48.333,0,0
1.6675,1.3449,1.376,0.82516,1,56.506,48.406,0,0
1.673,1.3447,1.3812,0.82553,1,56.579,48.479,0,0
1.6785,1.3444,1.3863,0.82589,1,56.653,48.553,0,0
1.684,1.3441,1.3915,0.82626,1,56.726,48.626,0,0
1.6895,1.3439,1.3966,0.82662,1,56.799,48.699,0,0
1.695,1.3436,1.4018,0.82699,1,56.872,48.772,0,0
1.7005,1.3433,1.4069,0.82735,1,56.945,48.845,0,0
1.7059,1.3431,1.4121,0.82772,1,57.018,48.918,0,0
1.7114,1.3428,1.4172,0.82808,1,57.091,48.991,0,0
1.7157,1.3427,1.4213,0.82841,1,57.164,49.064,0,0
1.715,1.343,1.421,0.82855,1,57.237,49.137,0,0
1.7143,1.3434,1.4206,0.8287,1,57.31,49.21,0,0
1.7135,1.3438,1.4203,0.82885,1,57.383,49.284,0,0
1.7128,1.3441,1.4199,0.82899,1,57.457,49.357,0,0
1.7121,1.3445,1.4196,0.82914,1,57.53,49.43,0,0
1.7114,1.3449,1.4192,0.82929,1,57.603,49.503,0,0
1.7107,1.3452,1.4189,0.82943,1,57.676,49.576,0,0
1.71,1.3456,1.4185,0.82958,1,57.749,49.649,0,0
1.7092,1.346,1.4182,0.82972,1,57.822,49.722,0,0
1.7085,1.3463,1.4178,0.82987,1,57.895,49.795,0,0
1.7078,1.3467,1.4175,0.83002,1,57.968,49.868,0,0
1.7069,1.3472,1.4169,0.83012,1,58.041,49.941,0,0
1.7029,1.35,1.4121,0.82923,1,58.115,50.014,0,0
1.6988,1.3527,1.4073,0.82834,1,58.188,50.088,0,0
1.6947,1.3555,1.4024,0.82746,1,58.261,50.161,0,0
1.6906,1.3583,1.3976,0.82657,1,58.334,50.234,0,0
1.6866,1.361,1.3927,0.82569,1,58.407,50.307,0,0
1.6825,1.3638,1.3879,0.8248,1,58.48,50.38,0,0
1.6784,1.3666,1.383,0.82392,1,58.553,50.453,0,0
1.6744,1.3693,1.3782,0.82303,1,58.626,50.526,0,0
1.6703,1.3721,1.3733,0.82215,1,58.699,50.599,0,0
1.6662,1.3749,1.3685,0.82126,1,58.772,50.672,0,0
1.6622,1.3776,1.3636,0.82037,1,58.845,50.745,0,0
1.6581,1.3804,1.3588,0.81949,1,58.919,50.819,0,0
1.6513,1.3849,1.3509,0.81803,1,58.992,50.892,0,0
1.6439,1.3898,1.3424,0.81645,1,59.065,50.965,0,0
1.6364,1.3946,1.3338,0.81487,1,59.138,51.038,0,0
1.629,1.3995,1.3253,0.81329,1,59.211,51.111,0,0
1.6216,1.4044,1.3167,0.81171,1,59.284,51.184,0,0
1.6142,1.4092,1.3081,0.81012,1,59.357,51.257,0,0
1.6068,1.4141,1.2996,0.80854,1,59.43,51.33,0,0
1.5994,1.419,1.291,0.80696,1,59.503,51.403,0,0
1.5919,1.4239,1.2825,0.80538,1,59.576,51.477,0,0
1.5845,1.4287,1.2739,0.8038,1,59.65,51.55,0,0
1.5771,1.4336,1.2654,0.80221,1,59.723,51.623,0,0
1.5697,1.4385,1.2568,0.80063,1,59.796,51.696,0,0
1.5614,1.4441,1.2474,0.79882,1,59.869,51.769,0,0
1.5523,1.4503,1.2372,0.79678,1,59.942,51.842,0,0
1.5433,1.4566,1.227,0.79475,1,60.015,51.915,0,0
1.5342,1.4629,1.2167,0.79271,1,60.088,51.988,0,0
1.5251,1.4692,1.2065,0.79067,1,60.161,52.061,0,0
1.516,1.4755,1.1963,0.78863,1,60.234,52.134,0,0
1.5069,1.4818,1.186,0.7866,1,60.308,52.208,0,0
1.4978,1.4881,1.1758,0.78456,1,60.381,52.281,0,0
1.4887,1.4944,1.1656,0.78252,1,60.454,52.354,0,0
1.4797,1.5007,1.1554,0.78048,1,60.527,52.427,0,0
1.4706,1.507,1.1451,0.77845,1,60.6,52.5,0,0
1.4615,1.5133,1.1349,0.77641,1,60.673,52.573,0,0
1.4524,1.5196,1.1247,0.77436,1,60.746,52.646,0,0
1.4432,1.5264,1.1147,0.77219,1,60.819,52.719,0,0
1.434,1.5332,1.1046,0.77001,1,60.892,52.792,0,0
1.4248,1.5401,1.0946,0.76784,1,60.965,52.865,0,0
1.4156,1.5469,1.0845,0.76566,1,61.038,52.938,0,0
1.4064,1.5537,1.0745,0.76349,1,61.112,53.012,0,0
1.3972,1.5605,1.0645,0.76131,1,61.185,53.085,0,0
1.388,1.5673,1.0544,0.75914,1,61.258,53.158,0,0
1.3787,1.5741,1.0444,0.75697,1,61.331,53.231,0,0
1.3695,1.5809,1.0343,0.75479,1,61.404,53.304,0,0
1.3603,1.5877,1.0243,0.75262,1,61.477,53.377,0,0
1.3511,1.5945,1.0143,0.75044,1,61.55,53.45,0,0
1.3419,1.6014,1.0042,0.74827,1,61.623,53.523,0,0
1.3334,1.608,0.99506,0.74617,1,61.696,53.596,0,0
1.3253,1.6145,0.98646,0.74412,1,61.77,53.669,0,0
1.3172,1.6211,0.97786,0.74207,1,61.843,53.743,0,0
1.3091,1.6276,0.96926,0.74002,1,61.916,53.816,0,0
1.3009,1.6342,0.96066,0.73797,1,61.989,53.889,0,0
1.2928,1.6407,0.95206,0.73591,1,62.062,53.962,0,0
1.2847,1.6473,0.94346,0.73386,1,62.135,54.035,0,0
1.2766,1.6538,0.93486,0.73181,1,62.208,54.108,0,0
1.2685,1.6604,0.92626,0.72976,1,62.281,54.181,0,0
1.2604,1.6669,0.91766,0.72771,1,62.354,54.254,0,0
1.2523,1.6734,0.90906,0.72566,1,62.427,54.327,0,0
1.2442,1.68,0.90047,0.72361,1,62.501,54.401,0,0
1.2361,1.6865,0.89195,0.72157,1,62.574,54.474,0,0
1.2296,1.6922,0.88523,0.71981,1,62.647,54.547,0,0
1.2231,1.6979,0.87852,0.71806,1,62.72,54.62,0,0
1.2166,1.7036,0.8718,0.7163,1,62.793,54.693,0,0
1.2101,1.7094,0.86508,0.71455,1,62.866,54.766,0,0
1.2036,1.7151,0.85836,0.71279,1,62.939,54.839,0,0
1.1971,1.7208,0.85164,0.71103,1,63.012,54.912,0,0
1.1906,1.7265,0.84492,0.70928,1,63.085,54.985,0,0
1.1841,1.7322,0.83821,0.70752,1,63.158,55.058,0,0
1.1776,1.738,0.83149,0.70576,1,63.231,55.132,0,0
1.1711,1.7437,0.82477,0.70401,1,63.305,55.205,0,0
1.1646,1.7494,0.81805,0.70225,1,63.378,55.278,0,0
1.1581,1.7551,0.81133,0.7005,1,63.451,55.351,0,0
1.1524,1.7602,0.8055,0.69895,1,63.524,55.424,0,0
1.148,1.7643,0.80103,0.69771,1,63.597,55.497,0,0
1.1435,1.7684,0.79656,0.69647,1,63.67,55.57,0,0
1.1391,1.7725,0.79209,0.69523,1,63.743,55.643,0,0
1.1346,1.7766,0.78762,0.694,1,63.816,55.716,0,0
1.1302,1.7807,0.78315,0.69276,1,63.889,55.789,0,0
1.1257,1.7848,0.77868,0.69152,1,63.963,55.862,0,0
1.1213,1.7889,0.77421,0.69028,1,64.036,55.936,0,0
1.1168,1.793,0.76974,0.68905,1,64.109,56.009,0,0
1.1124,1.7971,0.76527,0.68781,1,64.182,56.082,0,0
1.1079,1.8012,0.7608,0.68657,1,64.255,56.155,0,0
1.1035,1.8053,0.75633,0.68533,1,64.328,56.228,0,0
1.099,1.8094,0.75186,0.6841,1,64.401,56.301,0,0
1.0958,1.8116,0.74892,0.68341,1,64.474,56.374,0,0
1.0934,1.8129,0.74681,0.68302,1,64.547,56.447,0,0
1.0909,1.8141,0.7447,0.68263,1,64.62,56.52,0,0
1.0884,1.8153,0.74258,0.68225,1,64.693,56.593,0,0
1.0859,1.8165,0.74047,0.68186,1,64.767,56.667,0,0
1.0834,1.8178,0.73836,0.68147,1,64.84,56.74,0,0
1.0809,1.819,0.73625,0.68108,1,64.913,56.813,0,0
1.0785,1.8202,0.73414,0.68069,1,64.986,56.886,0,0
1.076,1.8215,0.73203,0.6803,1,65.059,56.959,0,0
1.0735,1.8227,0.72991,0.67991,1,65.132,57.032,0,0
1.071,1.8239,0.7278,0.67952,1,65.205,57.105,0,0
1.0685,1.8251,0.72569,0.67914,1,65.278,57.178,0,0
1.066,1.8264,0.72358,0.67875,1,65.351,57.251,0,0
1.0653,1.8266,0.72294,0.67863,1,65.424,57.325,0,0
1.0649,1.8266,0.72263,0.67856,1,65.498,57.398,0,0
1.0646,1.8267,0.72232,0.6785,1,65.571,57.471,0,0
1.0642,1.8267,0.722,0.67844,1,65.644,57.544,0,0
1.0639,1.8267,0.72169,0.67837,1,65.717,57.617,0,0
1.0635,1.8267,0.72137,0.67831,1,65.79,57.69,0,0
1.0631,1.8267,0.72106,0.67824,1,65.863,57.763,0,0
1.0628,1.8268,0.72075,0.67818,1,65.936,57.836,0,0
1.0624,1.8268,0.72043,0.67812,1,66.009,57.909,0,0
1.062,1.8268,0.72012,0.67805,1,66.082,57.982,0,0
1.0617,1.8268,0.71981,0.67799,1,66.156,58.056,0,0
1.0613,1.8269,0.71949,0.67793,1,66.229,58.129,0,0
1.0609,1.8269,0.71918,0.67786,1,66.302,58.202,0,0
1.0616,1.8262,0.7198,0.678,1,66.375,58.275,0,0
1.0624,1.8255,0.72051,0.67816,1,66.448,58.348,0,0
1.0632,1.8247,0.72122,0.67832,1,66.521,58.421,0,0
1.064,1.824,0.72193,0.67848,1,66.594,58.494,0,0
1.0648,1.8233,0.72264,0.67864,1,66.667,58.567,0,0
1.0656,1.8225,0.72335,0.6788,1,66.74,58.64,0,0
1.0664,1.8218,0.72406,0.67896,1,66.813,58.713,0,0
1.0672,1.8211,0.72477,0.67912,1,66.886,58.786,0,0
1.068,1.8203,0.72549,0.67928,1,66.96,58.86,0,0
1.0688,1.8196,0.7262,0.67944,1,67.033,58.933,0,0
1.0696,1.8188,0.72691,0.6796,1,67.106,59.006,0,0
1.0704,1.8181,0.72762,0.67976,1,67.179,59.079,0,0
1.0712,1.8174,0.72833,0.67992,1,67.252,59.152,0,0
1.0741,1.8148,0.7311,0.68062,1,67.325,59.225,0,0
1.0773,1.8119,0.73409,0.68137,1,67.398,59.298,0,0
1.0805,1.8091,0.73709,0.68213,1,67.471,59.371,0,0
1.0836,1.8063,0.74008,0.68288,1,67.544,59.444,0,0
1.0868,1.8035,0.74307,0.68364,1,67.618,59.518,0,0
1.09,1.8007,0.74606,0.68439,1,67.691,59.591,0,0
1.0931,1.7978,0.74905,0.68515,1,67.764,59.664,0,0
1.0963,1.795,0.75204,0.6859,1,67.837,59.737,0,0
1.0994,1.7922,0.75503,0.68665,1,67.91,59.81,0,0
1.1026,1.7894,0.75802,0.68741,1,67.983,59.883,0,0
1.1058,1.7866,0.76101,0.68816,1,68.056,59.956,0,0
1.1089,1.7838,0.764,0.68892,1,68.129,60.029,0,0
1.1121,1.7809,0.76699,0.68967,1,68.202,60.102,0,0
1.1186,1.7755,0.77325,0.69117,1,68.275,60.175,0,0
1.1259,1.7695,0.7803,0.69284,1,68.349,60.249,0,0
1.1331,1.7635,0.78734,0.69452,1,68.422,60.322,0,0
1.1404,1.7575,0.79438,0.69619,1,68.495,60.395,0,0
1.1477,1.7515,0.80143,0.69786,1,68.568,60.468,0,0
1.155,1.7454,0.80847,0.69954,1,68.641,60.541,0,0
1.1623,1.7394,0.81552,0.70121,1,68.714,60.614,0,0
1.1695,1.7334,0.82256,0.70289,1,68.787,60.687,0,0
1.1768,1.7274,0.8296,0.70456,1,68.86,60.76,0,0
1.1841,1.7214,0.83665,0.70623,1,68.933,60.833,0,0
1.1914,1.7154,0.84369,0.70791,1,69.006,60.906,0,0
1.1986,1.7093,0.85073,0.70958,1,69.079,60.979,0,0
1.2059,1.7033,0.85778,0.71125,1,69.153,61.053,0,0
1.2159,1.6956,0.86777,0.7135,1,69.226,61.126,0,0
1.2274,1.6868,0.87951,0.7161,1,69.299,61.199,0,0
1.2389,1.6781,0.89126,0.71869,1,69.372,61.272,0,0
1.2505,1.6693,0.903,0.72128,1,69.445,61.345,0,0
1.262,1.6605,0.91474,0.72388,1,69.518,61.418,0,0
1.2736,1.6518,0.92649,0.72647,1,69.591,61.491,0,0
1.2851,1.643,0.93823,0.72906,1,69.664,61.564,0,0
1.2966,1.6342,0.94997,0.73165,1,69.737,61.637,0,0
1.3082,1.6255,0.96172,0.73425,1,69.811,61.71,0,0
1.3197,1.6167,0.97346,0.73684,1,69.884,61.784,0,0
1.3312,1.608,0.98521,0.73943,1,69.957,61.857,0,0
1.3428,1.5992,0.99695,0.74202,1,70.03,61.93,0,0
1.3543,1.5904,1.0087,0.74462,1,70.103,62.003,0,0
1.3662,1.5819,1.021,0.74721,1,70.176,62.076,0,0
1.3785,1.5738,1.0341,0.7498,1,70.249,62.149,0,0
1.3909,1.5658,1.0473,0.75239,1,70.322,62.222,0,0
1.4032,1.5577,1.0605,0.75499,1,70.395,62.295,0,0
1.4156,1.5496,1.0737,0.75758,1,70.468,62.368,0,0
1.4279,1.5416,1.0869,0.76017,1,70.542,62.442,0,0
1.4403,1.5335,1.1,0.76276,1,70.615,62.515,0,0
1.4527,1.5254,1.1132,0.76536,1,70.688,62.588,0,0
1.465,1.5174,1.1264,0.76795,1,70.761,62.661,0,0
1.4774,1.5093,1.1396,0.77054,1,70.834,62.734,0,0
1.4897,1.5012,1.1528,0.77313,1,70.907,62.807,0,0
1.5021,1.4931,1.1659,0.77572,1,70.98,62.88,0,0
1.5144,1.4851,1.1791,0.77832,1,71.053,62.953,0,0
1.5268,1.477,1.1923,0.78091,1,71.126,63.026,0,0
1.5354,1.4725,1.2015,0.78243,1,71.199,63.099,0,0
1.5439,1.4681,1.2106,0.78395,1,71.272,63.173,0,0
1.5524,1.4636,1.2198,0.78546,1,71.346,63.246,0,0
1.561,1.4592,1.2289,0.78698,1,71.419,63.319,0,0
1.5695,1.4547,1.2381,0.78849,1,71.492,63.392,0,0
1.578,1.4503,1.2472,0.79001,1,71.565,63.465,0,0
1.5866,1.4458,1.2564,0.79152,1,71.638,63.538,0,0
1.5951,1.4414,1.2655,0.79304,1,71.711,63.611,0,0
1.6036,1.4369,1.2747,0.79455,1,71.784,63.684,0,0
1.6122,1.4325,1.2838,0.79607,1,71.857,63.757,0,0
1.6207,1.428,1.293,0.79758,1,71.93,63.83,0,0
1.6292,1.4236,1.3021,0.7991,1,72.004,63.903,0,0
1.6377,1.4191,1.3113,0.80061,1,72.077,63.977,0,0
1.644,1.4159,1.3181,0.80172,1,72.15,64.05,0,0
1.6484,1.4136,1.3228,0.80247,1,72.223,64.123,0,0
1.6527,1.4113,1.3276,0.80323,1,72.296,64.196,0,0
1.6571,1.4091,1.3324,0.80398,1,72.369,64.269,0,0
1.6614,1.4068,1.3371,0.80474,1,72.442,64.342,0,0
1.6658,1.4046,1.3419,0.80549,1,72.515,64.415,0,0
1.6701,1.4023,1.3467,0.80625,1,72.588,64.488,0,0
1.6745,1.4,1.3514,0.80701,1,72.661,64.561,0,0
1.6788,1.3978,1.3562,0.80776,1,72.734,64.634,0,0
1.6832,1.3955,1.361,0.80852,1,72.808,64.708,0,0
1.6875,1.3933,1.3658,0.80927,1,72.881,64.781,0,0
1.6919,1.391,1.3705,0.81003,1,72.954,64.854,0,0
1.6962,1.3887,1.3753,0.81078,1,73.027,64.927,0,0
1.7005,1.3865,1.3801,0.81154,1,73.1,65,0,0
