"Density","Energy","Mach","Momentum:0","Momentum:1","Momentum:2","Pressure","Pressure_Coefficient","Temperature","vtkValidPointMask","arc_length","Points:0","Points:1","Points:2"
7.7578,1.9647e+06,0.23876,692.04,0.67764,0,7.7352e+05,9.5558e+18,335.72,,0,-8.1,0,0
7.7557,1.9641e+06,0.23954,694.08,0.21721,0,7.7323e+05,9.5517e+18,335.69,,0.0731,-8.0269,0,0
7.7535,1.9636e+06,0.24033,696.13,-0.24322,0,7.7294e+05,9.5476e+18,335.65,,0.1462,-7.9538,0,0
7.7514,1.9631e+06,0.24112,698.18,-0.70364,0,7.7265e+05,9.5434e+18,335.62,,0.2193,-7.8807,0,0
7.7493,1.9625e+06,0.2419,700.23,-1.1641,0,7.7236e+05,9.5393e+18,335.58,,0.2924,-7.8076,0,0
7.7471,1.962e+06,0.24269,702.27,-1.6245,0,7.7207e+05,9.5352e+18,335.55,,0.3655,-7.7345,0,0
7.745,1.9615e+06,0.24348,704.32,-2.0849,0,7.7178e+05,9.531e+18,335.52,,0.4386,-7.6614,0,0
7.7426,1.9609e+06,0.24441,706.75,-2.5473,0,7.7145e+05,9.5264e+18,335.48,,0.5117,-7.5883,0,0
7.7386,1.96e+06,0.24605,711.07,-3.0189,0,7.7092e+05,9.5189e+18,335.42,,0.5848,-7.5152,0,0
7.7346,1.9591e+06,0.2477,715.38,-3.4906,0,7.704e+05,9.5115e+18,335.37,,0.6579,-7.4421,0,0
7.7306,1.9582e+06,0.24934,719.69,-3.9623,0,7.6988e+05,9.5041e+18,335.31,,0.731,-7.369,0,0
7.7267,1.9573e+06,0.25098,724,-4.434,0,7.6936e+05,9.4967e+18,335.26,,0.8041,-7.2959,0,0
7.7227,1.9564e+06,0.25263,728.32,-4.9057,0,7.6884e+05,9.4893e+18,335.2,,0.8772,-7.2228,0,0
7.7187,1.9556e+06,0.25427,732.63,-5.3774,0,7.6831e+05,9.4819e+18,335.15,,0.9503,-7.1497,0,0
7.7141,1.9545e+06,0.2562,737.68,-5.8548,0,7.6771e+05,9.4733e+18,335.08,,1.0234,-7.0766,0,0
7.7081,1.9532e+06,0.2588,744.43,-6.3453,0,7.669e+05,9.4619e+18,334.99,,1.0965,-7.0035,0,0
7.7021,1.9519e+06,0.26139,751.19,-6.8358,0,7.661e+05,9.4504e+18,334.9,,1.1696,-6.9304,0,0
7.6962,1.9506e+06,0.26399,757.94,-7.3264,0,7.653e+05,9.439e+18,334.81,,1.2427,-6.8573,0,0
7.6902,1.9493e+06,0.26658,764.69,-7.8169,0,7.6449e+05,9.4276e+18,334.72,,1.3158,-6.7842,0,0
7.6842,1.948e+06,0.26918,771.44,-8.3074,0,7.6369e+05,9.4162e+18,334.63,,1.3889,-6.7111,0,0
7.6782,1.9467e+06,0.27177,778.19,-8.7979,0,7.6289e+05,9.4048e+18,334.54,,1.462,-6.638,0,0
7.6708,1.945e+06,0.27477,785.9,-9.1396,0,7.6191e+05,9.3909e+18,334.43,,1.5351,-6.5649,0,0
7.6613,1.9429e+06,0.27837,795.01,-9.2602,0,7.6066e+05,9.3732e+18,334.3,,1.6082,-6.4918,0,0
7.6518,1.9408e+06,0.28196,804.13,-9.3807,0,7.5942e+05,9.3556e+18,334.16,,1.6813,-6.4187,0,0
7.6423,1.9387e+06,0.28556,813.25,-9.5013,0,7.5818e+05,9.3379e+18,334.03,,1.7544,-6.3456,0,0
7.6312,1.9363e+06,0.29027,825.2,-9.5366,0,7.5666e+05,9.3164e+18,333.85,,1.8275,-6.2725,0,0
7.62,1.9339e+06,0.29509,837.4,-9.5643,0,7.5513e+05,9.2946e+18,333.66,,1.9006,-6.1994,0,0
7.6087,1.9314e+06,0.2999,849.6,-9.592,0,7.5359e+05,9.2728e+18,333.48,,1.9737,-6.1263,0,0
7.5961,1.9287e+06,0.30504,862.46,-9.6428,0,7.5188e+05,9.2485e+18,333.27,,2.0468,-6.0532,0,0
7.5817,1.9255e+06,0.3106,876.17,-9.7236,0,7.4995e+05,9.2211e+18,333.05,,2.1199,-5.9801,0,0
7.5673,1.9224e+06,0.31616,889.88,-9.8044,0,7.4801e+05,9.1936e+18,332.82,,2.193,-5.907,0,0
7.553,1.9193e+06,0.32173,903.59,-9.8852,0,7.4608e+05,9.1661e+18,332.59,,2.2661,-5.8339,0,0
7.5377,1.916e+06,0.32775,918.21,-9.9585,0,7.4399e+05,9.1365e+18,332.33,,2.3392,-5.7608,0,0
7.5223,1.9126e+06,0.33381,932.89,-10.031,0,7.4189e+05,9.1067e+18,332.07,,2.4123,-5.6877,0,0
7.507,1.9093e+06,0.33988,947.58,-10.104,0,7.3979e+05,9.0769e+18,331.81,,2.4854,-5.6146,0,0
7.4907,1.9058e+06,0.34622,962.75,-10.125,0,7.3756e+05,9.0451e+18,331.53,,2.5585,-5.5415,0,0
7.473,1.902e+06,0.35294,978.59,-10.077,0,7.3513e+05,9.0107e+18,331.22,,2.6316,-5.4684,0,0
7.4553,1.8982e+06,0.35966,994.42,-10.03,0,7.3271e+05,8.9763e+18,330.91,,2.7047,-5.3953,0,0
7.4376,1.8944e+06,0.36638,1010.3,-9.9819,0,7.3029e+05,8.9419e+18,330.6,,2.7778,-5.3222,0,0
7.4172,1.8899e+06,0.37373,1027,-9.898,0,7.275e+05,8.9023e+18,330.24,,2.8509,-5.2491,0,0
7.3964,1.8854e+06,0.38115,1043.8,-9.8102,0,7.2467e+05,8.8621e+18,329.88,,2.924,-5.176,0,0
7.3756,1.8809e+06,0.38856,1060.7,-9.7224,0,7.2184e+05,8.8219e+18,329.52,,2.9971,-5.1029,0,0
7.354,1.8762e+06,0.39621,1077.8,-9.6459,0,7.1889e+05,8.78e+18,329.14,,3.0702,-5.0298,0,0
7.331,1.8713e+06,0.40422,1095.3,-9.5878,0,7.1574e+05,8.7353e+18,328.73,,3.1433,-4.9567,0,0
7.308,1.8663e+06,0.41224,1112.8,-9.5296,0,7.126e+05,8.6907e+18,328.31,,3.2164,-4.8836,0,0
7.285,1.8614e+06,0.42026,1130.4,-9.4715,0,7.0946e+05,8.6461e+18,327.9,,3.2895,-4.8105,0,0
7.2601,1.8561e+06,0.4289,1148.9,-8.4642,0,7.0606e+05,8.5978e+18,327.44,,3.3626,-4.7374,0,0
7.2345,1.8506e+06,0.43775,1167.7,-7.3082,0,7.0255e+05,8.548e+18,326.98,,3.4357,-4.6643,0,0
7.2016,1.8434e+06,0.44807,1188.6,-7.0835,0,6.9813e+05,8.4852e+18,326.4,,3.5088,-4.5912,0,0
7.1686,1.8363e+06,0.45856,1209.8,-6.7695,0,6.9367e+05,8.4219e+18,325.81,,3.5819,-4.5181,0,0
7.1354,1.8292e+06,0.4695,1231.7,-6.2194,0,6.8913e+05,8.3574e+18,325.18,,3.655,-4.445,0,0
7.1003,1.8216e+06,0.48064,1253.5,-6.1583,0,6.8435e+05,8.2895e+18,324.52,,3.7281,-4.3719,0,0
7.0632,1.8134e+06,0.49198,1275,-6.6147,0,6.7933e+05,8.2182e+18,323.83,,3.8012,-4.2988,0,0
7.0266,1.8054e+06,0.50265,1294.6,-6.5248,0,6.7443e+05,8.1487e+18,323.17,,3.8743,-4.2257,0,0
6.9903,1.7974e+06,0.51302,1313.2,-6.1972,0,6.696e+05,8.08e+18,322.52,,3.9474,-4.1526,0,0
6.9534,1.7893e+06,0.52417,1333.1,-6.1328,0,6.6459e+05,8.009e+18,321.81,,4.0205,-4.0795,0,0
6.9157,1.7811e+06,0.5355,1353.1,-6.0879,0,6.5949e+05,7.9365e+18,321.08,,4.0936,-4.0064,0,0
6.8723,1.7715e+06,0.54762,1373.2,-5.9897,0,6.537e+05,7.8543e+18,320.27,,4.1667,-3.9333,0,0
6.8284,1.7618e+06,0.55981,1393,-5.8994,0,6.4787e+05,7.7715e+18,319.45,,4.2398,-3.8602,0,0
6.7836,1.7519e+06,0.57213,1412.5,-5.826,0,6.4192e+05,7.6871e+18,318.61,,4.3129,-3.7871,0,0
6.738,1.7418e+06,0.58456,1431.5,-5.7563,0,6.3589e+05,7.6014e+18,317.75,,4.386,-3.714,0,0
6.6917,1.7316e+06,0.59709,1450.2,-5.6903,0,6.2978e+05,7.5146e+18,316.88,,4.4591,-3.6409,0,0
6.6438,1.721e+06,0.60987,1468.4,-5.6138,0,6.2347e+05,7.4251e+18,315.96,,4.5322,-3.5678,0,0
6.5953,1.7103e+06,0.62274,1486.4,-5.5333,0,6.171e+05,7.3345e+18,315.04,,4.6053,-3.4947,0,0
6.5446,1.699e+06,0.63592,1503.7,-5.4407,0,6.1048e+05,7.2406e+18,314.07,,4.6784,-3.4216,0,0
6.4936,1.6877e+06,0.64916,1520.9,-5.3462,0,6.0382e+05,7.146e+18,313.08,,4.7515,-3.3485,0,0
6.4408,1.6759e+06,0.66268,1537.2,-5.2441,0,5.9695e+05,7.0485e+18,312.06,,4.8246,-3.2754,0,0
6.3874,1.664e+06,0.67626,1553.2,-5.1398,0,5.9004e+05,6.9502e+18,311.02,,4.8977,-3.2023,0,0
6.3329,1.6518e+06,0.68999,1568.5,-5.03,0,5.83e+05,6.8503e+18,309.96,,4.9708,-3.1292,0,0
6.2777,1.6394e+06,0.70371,1583,-4.9148,0,5.7591e+05,6.7497e+18,308.88,,5.0439,-3.0561,0,0
6.2218,1.6268e+06,0.71742,1596.7,-4.7938,0,5.6876e+05,6.6481e+18,307.79,,5.117,-2.983,0,0
6.1668,1.6145e+06,0.73115,1609.9,-4.6823,0,5.6172e+05,6.5481e+18,306.69,,5.1901,-2.9099,0,0
6.1121,1.6023e+06,0.74489,1622.8,-4.5752,0,5.5473e+05,6.4489e+18,305.58,,5.2632,-2.8368,0,0
6.0545,1.5894e+06,0.75941,1635.8,-3.0326,0,5.4739e+05,6.3446e+18,304.41,,5.3363,-2.7637,0,0
5.9912,1.575e+06,0.77453,1647.4,-3.1248,0,5.394e+05,6.2312e+18,303.14,,5.4094,-2.6906,0,0
5.9303,1.5611e+06,0.78906,1657.9,-2.5261,0,5.3176e+05,6.1227e+18,301.91,,5.4825,-2.6175,0,0
5.8707,1.5476e+06,0.80341,1667.7,-2.3507,0,5.2428e+05,6.0165e+18,300.69,,5.5556,-2.5444,0,0
5.811,1.534e+06,0.8178,1676.8,-1.7332,0,5.1682e+05,5.9105e+18,299.45,,5.6287,-2.4713,0,0
5.7489,1.5199e+06,0.83284,1685.7,-1.4934,0,5.0908e+05,5.8006e+18,298.15,,5.7018,-2.3982,0,0
5.6843,1.5051e+06,0.84842,1694.1,-1.4342,0,5.0105e+05,5.6866e+18,296.79,,5.7749,-2.3251,0,0
5.6207,1.4905e+06,0.86349,1701,-1.21,0,4.9322e+05,5.5754e+18,295.46,,5.848,-2.252,0,0
5.5588,1.4762e+06,0.87821,1707.2,-0.96442,0,4.8563e+05,5.4676e+18,294.15,,5.9211,-2.1789,0,0
5.4957,1.4617e+06,0.89325,1712.8,-0.80615,0,4.7791e+05,5.358e+18,292.8,,5.9942,-2.1058,0,0
5.4311,1.4468e+06,0.90857,1717.6,-0.65905,0,4.7006e+05,5.2466e+18,291.41,,6.0673,-2.0327,0,0
5.3663,1.4317e+06,0.92393,1721.7,-0.52759,0,4.6222e+05,5.1352e+18,290.01,,6.1404,-1.9596,0,0
5.3016,1.4167e+06,0.93927,1725,-0.40174,0,4.5442e+05,5.0245e+18,288.6,,6.2135,-1.8865,0,0
5.2368,1.4016e+06,0.95465,1727.5,-0.28304,0,4.4666e+05,4.9143e+18,287.18,,6.2866,-1.8134,0,0
5.1718,1.3864e+06,0.97009,1729.3,-0.16252,0,4.3891e+05,4.8042e+18,285.74,,6.3597,-1.7403,0,0
5.1063,1.3711e+06,0.98566,1730.4,-0.049388,0,4.3115e+05,4.6939e+18,284.29,,6.4328,-1.6672,0,0
5.0405,1.3556e+06,1.0014,1730.8,0.055323,0,4.2338e+05,4.5836e+18,282.81,,6.5059,-1.5941,0,0
4.9743,1.34e+06,1.0172,1730.5,0.15243,0,4.1561e+05,4.4733e+18,281.31,,6.579,-1.521,0,0
4.9082,1.3244e+06,1.033,1729.3,0.2341,0,4.079e+05,4.3637e+18,279.81,,6.6521,-1.4479,0,0
4.8429,1.3089e+06,1.0487,1727.6,0.43583,0,4.0031e+05,4.256e+18,278.31,,6.7252,-1.3748,0,0
4.777,1.2933e+06,1.0647,1725.3,0.57447,0,3.9269e+05,4.1478e+18,276.78,,6.7983,-1.3017,0,0
4.7107,1.2775e+06,1.0809,1722.4,0.75185,0,3.8506e+05,4.0394e+18,275.22,,6.8714,-1.2286,0,0
4.644,1.2615e+06,1.0969,1718.3,0.88059,0,3.7745e+05,3.9314e+18,273.66,,6.9445,-1.1555,0,0
4.5785,1.246e+06,1.1132,1714.3,1.2102,0,3.7001e+05,3.8257e+18,272.1,,7.0176,-1.0824,0,0
4.5103,1.2295e+06,1.1299,1709,1.2325,0,3.6231e+05,3.7164e+18,270.47,,7.0907,-1.0093,0,0
4.4424,1.2132e+06,1.1467,1703.2,1.4144,0,3.5469e+05,3.6082e+18,268.83,,7.1638,-0.9362,0,0
4.3742,1.1968e+06,1.1638,1696.7,1.5701,0,3.4708e+05,3.5001e+18,267.16,,7.2369,-0.8631,0,0
4.3066,1.1804e+06,1.1808,1689.6,1.8406,0,3.3958e+05,3.3937e+18,265.49,,7.31,-0.79,0,0
4.238,1.1637e+06,1.1983,1681.7,1.9636,0,3.3202e+05,3.2863e+18,263.78,,7.3831,-0.7169,0,0
4.1684,1.1468e+06,1.2161,1673.2,2.2707,0,3.2441e+05,3.1782e+18,262.03,,7.4562,-0.6438,0,0
4.0976,1.1295e+06,1.2344,1663.7,2.4211,0,3.1671e+05,3.0688e+18,260.23,,7.5293,-0.5707,0,0
4.0265,1.1121e+06,1.2529,1653.5,2.6308,0,3.0903e+05,2.9599e+18,258.41,,7.6024,-0.4976,0,0
3.9548,1.0945e+06,1.2717,1642.5,2.7852,0,3.0136e+05,2.8509e+18,256.56,,7.6755,-0.4245,0,0
3.881,1.0764e+06,1.2915,1630.8,2.8772,0,2.935e+05,2.7392e+18,254.62,,7.7486,-0.3514,0,0
3.8043,1.0574e+06,1.3122,1617.7,2.7584,0,2.854e+05,2.6242e+18,252.58,,7.8217,-0.2783,0,0
3.7309,1.0391e+06,1.3319,1604,2.7132,0,2.7773e+05,2.5154e+18,250.64,,7.8948,-0.2052,0,0
3.6636,1.0224e+06,1.3503,1591.1,2.8557,0,2.7074e+05,2.416e+18,248.81,,7.9679,-0.1321,0,0
3.5939,1.005e+06,1.3699,1577.3,2.9097,0,2.6353e+05,2.3137e+18,246.88,,8.041,-0.059,0,0
3.5229,9.8712e+05,1.3897,1562.3,3.0653,0,2.5627e+05,2.2107e+18,244.93,,8.1141,0.0141,0,0
3.4506,9.6903e+05,1.4106,1546.8,3.1036,0,2.4893e+05,2.1063e+18,242.89,,8.1872,0.0872,0,0
3.3774,9.5047e+05,1.4315,1529.9,3.1635,0,2.4158e+05,2.002e+18,240.84,,8.2603,0.1603,0,0
3.3043,9.3208e+05,1.4533,1513,3.1674,0,2.3428e+05,1.8984e+18,238.72,,8.3334,0.2334,0,0
3.2304,9.1328e+05,1.4755,1494.8,3.1484,0,2.2697e+05,1.7945e+18,236.56,,8.4065,0.3065,0,0
3.1589,8.9501e+05,1.4971,1476.5,3.1509,0,2.1997e+05,1.6951e+18,234.45,,8.4796,0.3796,0,0
3.0912,8.7765e+05,1.5177,1458.5,3.2578,0,2.1342e+05,1.6021e+18,232.45,,8.5527,0.4527,0,0
3.0238,8.6035e+05,1.539,1440.3,3.3772,0,2.0693e+05,1.5099e+18,230.4,,8.6258,0.5258,0,0
2.9545,8.4251e+05,1.5614,1421.1,3.4679,0,2.003e+05,1.4157e+18,228.25,,8.6989,0.5989,0,0
2.8828,8.24e+05,1.5852,1400.7,3.4839,0,1.9349e+05,1.319e+18,225.97,,8.772,0.672,0,0
2.8105,8.0517e+05,1.6092,1379.1,3.4669,0,1.8672e+05,1.2229e+18,223.68,,8.8451,0.7451,0,0
2.7431,7.8755e+05,1.6314,1358.2,3.6632,0,1.8052e+05,1.1348e+18,221.56,,8.9182,0.8182,0,0
2.6784,7.7072e+05,1.654,1338.1,3.9444,0,1.7459e+05,1.0506e+18,219.46,,8.9913,0.8913,0,0
2.6097,7.5281e+05,1.6788,1316.4,4.1743,0,1.6832e+05,9.6163e+17,217.15,,9.0644,0.9644,0,0
2.5384,7.3405e+05,1.7049,1293,4.1891,0,1.6189e+05,8.7034e+17,214.72,,9.1375,1.0375,0,0
2.4667,7.1509e+05,1.731,1268.5,4.4387,0,1.5556e+05,7.8041e+17,212.32,,9.2106,1.1106,0,0
2.3962,6.9647e+05,1.7581,1244.3,4.5314,0,1.4935e+05,6.9233e+17,209.85,,9.2837,1.1837,0,0
2.3252,6.7754e+05,1.7855,1219,4.4395,0,1.4321e+05,6.0503e+17,207.36,,9.3568,1.2568,0,0
2.2596,6.6011e+05,1.8116,1195.2,4.3521,0,1.376e+05,5.2549e+17,205.04,,9.4299,1.3299,0,0
2.1962,6.4335e+05,1.8384,1172.1,4.8045,0,1.3223e+05,4.4911e+17,202.71,,9.503,1.403,0,0
2.1334,6.2648e+05,1.8652,1148.4,4.5365,0,1.2695e+05,3.7412e+17,200.35,,9.5761,1.4761,0,0
2.0734,6.1025e+05,1.8908,1125.1,4.6716,0,1.2199e+05,3.0373e+17,198.1,,9.6492,1.5492,0,0
2.0203,5.961e+05,1.9149,1104.6,4.299,0,1.1765e+05,2.4212e+17,196.07,,9.7223,1.6223,0,0
1.9704,5.827e+05,1.938,1084.9,5.0277,0,1.1361e+05,1.8473e+17,194.13,,9.7954,1.6954,0,0
1.9346,5.731e+05,1.9569,1071,4.1957,0,1.1065e+05,1.4268e+17,192.54,,9.8685,1.7685,0,0
1.8997,5.6369e+05,1.9748,1057.3,3.4872,0,1.0778e+05,1.0201e+17,191.03,,9.9416,1.8416,0,0
1.8727,5.5597e+05,1.9836,1044.7,3.9326,0,1.0582e+05,7.4156e+16,190.25,,10.015,1.9147,0,0
1.8492,5.4921e+05,1.991,1033.7,4.2325,0,1.0412e+05,4.9979e+16,189.58,,10.088,1.9878,0,0
1.8431,5.4717e+05,1.9918,1030.2,3.8161,0,1.0369e+05,4.3885e+16,189.43,,10.161,2.0609,0,0
1.837,5.4513e+05,1.9926,1026.8,3.3997,0,1.0326e+05,3.7791e+16,189.27,,10.234,2.134,0,0
1.8309,5.4309e+05,1.9933,1023.4,2.9832,0,1.0283e+05,3.1696e+16,189.11,,10.307,2.2071,0,0
1.8274,5.418e+05,1.9936,1021.3,2.4352,0,1.0257e+05,2.7973e+16,188.99,,10.38,2.2802,0,0
1.8303,5.4233e+05,1.9928,1022.4,1.564,0,1.0272e+05,3.007e+16,188.96,,10.453,2.3533,0,0
1.8331,5.4287e+05,1.9919,1023.5,0.69274,0,1.0287e+05,3.2167e+16,188.94,,10.526,2.4264,0,0
1.836,5.434e+05,1.9911,1024.6,-0.17848,0,1.0301e+05,3.4264e+16,188.91,,10.599,2.4995,0,0
1.8425,5.4504e+05,1.9881,1027.2,-1.134,0,1.0349e+05,4.1015e+16,189.12,,10.673,2.5726,0,0
1.854,5.4826e+05,1.982,1031.9,-2.211,0,1.0444e+05,5.4464e+16,189.66,,10.746,2.6457,0,0
1.8693,5.5235e+05,1.9739,1038,-3.6193,0,1.0567e+05,7.1995e+16,190.32,,10.819,2.7188,0,0
1.8891,5.5748e+05,1.9634,1045.6,-5.4198,0,1.0724e+05,9.4354e+16,191.14,,10.892,2.7919,0,0
1.9191,5.6547e+05,1.948,1057.3,-6.3728,0,1.0969e+05,1.2907e+17,192.42,,10.965,2.865,0,0
1.9592,5.7625e+05,1.9277,1072.9,-6.4994,0,1.1298e+05,1.7583e+17,194.14,,11.038,2.9381,0,0
2.008,5.8936e+05,1.9038,1091.6,-6.3112,0,1.1705e+05,2.3356e+17,196.21,,11.111,3.0112,0,0
2.0639,6.0434e+05,1.8769,1112.8,-5.8701,0,1.2173e+05,3.001e+17,198.55,,11.184,3.0843,0,0
2.1151,6.1811e+05,1.8543,1132.4,-5.6505,0,1.2599e+05,3.6059e+17,200.53,,11.257,3.1574,0,0
2.1632,6.3109e+05,1.8347,1150.9,-5.5769,0,1.2997e+05,4.171e+17,202.28,,11.33,3.2305,0,0
2.1983,6.4082e+05,1.8238,1165.6,-5.4189,0,1.3272e+05,4.5615e+17,203.27,,11.404,3.3036,0,0
2.226,6.4869e+05,1.8179,1178.1,-5.2129,0,1.3477e+05,4.8528e+17,203.85,,11.477,3.3767,0,0
2.2388,6.5254e+05,1.8154,1184.2,-4.7415,0,1.3575e+05,4.9912e+17,204.16,,11.55,3.4498,0,0
2.2442,6.5445e+05,1.8147,1187,-4.1411,0,1.362e+05,5.0553e+17,204.34,,11.623,3.5229,0,0
2.2496,6.5635e+05,1.8139,1189.9,-3.5407,0,1.3665e+05,5.1195e+17,204.53,,11.696,3.596,0,0
2.255,6.5826e+05,1.8131,1192.8,-2.9403,0,1.371e+05,5.1836e+17,204.71,,11.769,3.6691,0,0
2.2543,6.5841e+05,1.8133,1192.9,-2.1145,0,1.3712e+05,5.1866e+17,204.8,,11.842,3.7422,0,0
2.2516,6.5796e+05,1.8137,1191.9,-1.2109,0,1.37e+05,5.1685e+17,204.86,,11.915,3.8153,0,0
2.2489,6.5751e+05,1.8142,1190.9,-0.30725,0,1.3687e+05,5.1503e+17,204.92,,11.988,3.8884,0,0
2.2461,6.5705e+05,1.8147,1189.9,0.59639,0,1.3674e+05,5.1322e+17,204.98,,12.062,3.9615,0,0
2.2369,6.5462e+05,1.8185,1186.6,1.5274,0,1.3596e+05,5.0215e+17,204.65,,12.135,4.0346,0,0
2.2258,6.5164e+05,1.8234,1182.6,2.4662,0,1.35e+05,4.8848e+17,204.2,,12.208,4.1077,0,0
2.2148,6.4866e+05,1.8282,1178.5,3.405,0,1.3404e+05,4.7481e+17,203.76,,12.281,4.1808,0,0
2.2037,6.4567e+05,1.833,1174.5,4.3437,0,1.3307e+05,4.6114e+17,203.32,,12.354,4.2539,0,0
2.1796,6.3918e+05,1.8434,1165.5,4.9868,0,1.3103e+05,4.3206e+17,202.39,,12.427,4.327,0,0
2.1526,6.3191e+05,1.855,1155.4,5.5643,0,1.2874e+05,3.9956e+17,201.36,,12.5,4.4001,0,0
2.1133,6.2129e+05,1.8721,1140.3,5.8759,0,1.2545e+05,3.5295e+17,199.85,,12.573,4.4732,0,0
2.0714,6.0996e+05,1.8904,1124.2,6.131,0,1.2196e+05,3.0333e+17,198.23,,12.646,4.5463,0,0
2.0226,5.9667e+05,1.9124,1104.8,5.9999,0,1.1796e+05,2.4651e+17,196.31,,12.719,4.6194,0,0
1.9725,5.8299e+05,1.935,1084.9,5.7902,0,1.1386e+05,1.8823e+17,194.34,,12.792,4.6925,0,0
1.9222,5.6919e+05,1.958,1064.3,5.6364,0,1.0981e+05,1.3084e+17,192.35,,12.866,4.7656,0,0
1.8746,5.5623e+05,1.9825,1045.2,6.4031,0,1.0593e+05,7.568e+16,190.26,,12.939,4.8387,0,0
1.8197,5.4119e+05,2.0103,1022.5,5.5694,0,1.0157e+05,1.3726e+16,187.92,,13.012,4.9118,0,0
1.7634,5.2531e+05,2.0358,997.49,5.7623,0,97267,-4.7328e+16,185.71,,13.085,4.9849,0,0
1.717,5.126e+05,2.06,977.49,5.5703,0,93737,-9.746e+16,183.76,,13.158,5.058,0,0
1.6727,5.0053e+05,2.0842,958.53,5.2536,0,90350,-1.4555e+17,181.86,,13.231,5.1311,0,0
1.623,4.8685e+05,2.1121,936.8,4.5508,0,86593,-1.9891e+17,179.63,,13.304,5.2042,0,0
1.5699,4.722e+05,2.146,913.77,4.2072,0,82507,-2.5693e+17,176.94,,13.377,5.2773,0,0
1.5137,4.5612e+05,2.1767,887.3,3.3758,0,78425,-3.149e+17,174.43,,13.45,5.3504,0,0
1.4711,4.44e+05,2.2001,866.96,4.374,0,75407,-3.5775e+17,172.59,,13.524,5.4235,0,0
1.433,4.3318e+05,2.223,848.78,4.5765,0,72720,-3.9592e+17,170.82,,13.597,5.4966,0,0
1.3953,4.2245e+05,2.246,830.75,4.5077,0,70054,-4.3377e+17,169.03,,13.67,5.5697,0,0
1.3621,4.1315e+05,2.268,814.93,4.6101,0,67743,-4.6659e+17,167.42,,13.743,5.6428,0,0
1.33,4.0421e+05,2.2898,799.66,4.7555,0,65520,-4.9815e+17,165.86,,13.816,5.7159,0,0
1.2967,3.9484e+05,2.3139,783.61,4.8232,0,63220,-5.3082e+17,164.12,,13.889,5.789,0,0
1.263,3.8536e+05,2.3388,767.34,4.8691,0,60897,-5.638e+17,162.32,,13.962,5.8621,0,0
1.2287,3.7552e+05,2.3635,750.14,5.0285,0,58606,-5.9634e+17,160.56,,14.035,5.9352,0,0
1.1941,3.6559e+05,2.3881,732.65,5.2238,0,56324,-6.2874e+17,158.79,,14.108,6.0083,0,0
1.165,3.5727e+05,2.411,717.97,5.2348,0,54405,-6.5599e+17,157.21,,14.181,6.0814,0,0
1.1377,3.4952e+05,2.4332,704.26,5.1817,0,52613,-6.8144e+17,155.69,,14.254,6.1545,0,0
1.1106,3.4169e+05,2.4548,690.23,5.4414,0,50877,-7.061e+17,154.21,,14.328,6.2276,0,0
1.0836,3.3384e+05,2.4761,676.08,5.8301,0,49164,-7.3042e+17,152.74,,14.401,6.3007,0,0
1.0601,3.2702e+05,2.4966,663.77,5.9168,0,47676,-7.5154e+17,151.36,,14.474,6.3738,0,0
1.0383,3.207e+05,2.5169,652.36,5.8579,0,46298,-7.7111e+17,150.02,,14.547,6.4469,0,0
1.0166,3.1439e+05,2.5371,640.95,5.799,0,44920,-7.9068e+17,148.67,,14.62,6.52,0,0
0.99481,3.0807e+05,2.5574,629.54,5.74,0,43542,-8.1025e+17,147.33,,14.693,6.5931,0,0
0.97377,3.0193e+05,2.5773,618.27,5.6594,0,42251,-8.2858e+17,146.03,,14.766,6.6662,0,0
0.95321,2.9589e+05,2.5971,607.09,5.5649,0,41016,-8.4612e+17,144.77,,14.839,6.7393,0,0
0.93264,2.8985e+05,2.6169,595.9,5.4703,0,39782,-8.6365e+17,143.51,,14.912,6.8124,0,0
0.91207,2.8382e+05,2.6367,584.72,5.3757,0,38547,-8.8118e+17,142.25,,14.986,6.8855,0,0
0.89293,2.7819e+05,2.6567,574.26,5.3,0,37405,-8.974e+17,141,,15.059,6.9586,0,0
0.87516,2.7296e+05,2.6769,564.49,5.2425,0,36353,-9.1234e+17,139.76,,15.132,7.0317,0,0
0.85738,2.6773e+05,2.6971,554.72,5.1851,0,35301,-9.2728e+17,138.53,,15.205,7.1048,0,0
0.83961,2.625e+05,2.7173,544.96,5.1276,0,34248,-9.4223e+17,137.29,,15.278,7.1779,0,0
0.8227,2.575e+05,2.7364,535.53,5.0683,0,33271,-9.561e+17,136.14,,15.351,7.251,0,0
0.80703,2.5283e+05,2.754,526.59,5.0062,0,32402,-9.6845e+17,135.11,,15.424,7.3241,0,0
0.79136,2.4816e+05,2.7715,517.65,4.9441,0,31533,-9.8079e+17,134.08,,15.497,7.3972,0,0
0.77569,2.4349e+05,2.789,508.72,4.882,0,30663,-9.9313e+17,133.05,,15.57,7.4703,0,0
0.76071,2.3902e+05,2.8059,500.13,4.925,0,29841,-1.0048e+18,132.07,,15.643,7.5434,0,0
0.74744,2.3506e+05,2.8214,492.41,5.2313,0,29138,-1.0148e+18,131.2,,15.717,7.6165,0,0
0.73416,2.311e+05,2.8368,484.69,5.5376,0,28434,-1.0248e+18,130.34,,15.79,7.6896,0,0
0.72089,2.2714e+05,2.8523,476.97,5.8439,0,27731,-1.0348e+18,129.47,,15.863,7.7627,0,0
0.70789,2.2326e+05,2.8679,469.41,6.0909,0,27041,-1.0446e+18,128.61,,15.936,7.8358,0,0
0.6963,2.1984e+05,2.8844,462.72,6.0263,0,26426,-1.0533e+18,127.73,,16.009,7.9089,0,0
0.68472,2.1641e+05,2.9009,456.02,5.9618,0,25810,-1.0621e+18,126.85,,16.082,7.982,0,0
0.67313,2.1298e+05,2.9175,449.33,5.8972,0,25195,-1.0708e+18,125.98,,16.155,8.0551,0,0
0.66154,2.0956e+05,2.934,442.64,5.8341,0,24579,-1.0795e+18,125.1,,16.228,8.1282,0,0
0.6496,2.0595e+05,2.9524,435.56,5.9426,0,23958,-1.0884e+18,124.12,,16.301,8.2013,0,0
0.63765,2.0234e+05,2.9708,428.49,6.051,0,23337,-1.0972e+18,123.15,,16.374,8.2744,0,0
0.62571,1.9873e+05,2.9892,421.41,6.1594,0,22717,-1.106e+18,122.18,,16.448,8.3475,0,0
0.61376,1.9513e+05,3.0076,414.33,6.2679,0,22096,-1.1148e+18,121.2,,16.521,8.4206,0,0
0.60409,1.9219e+05,3.0242,408.52,6.1852,0,21609,-1.1217e+18,120.36,,16.594,8.4937,0,0
0.5948,1.8936e+05,3.0406,402.91,6.0704,0,21145,-1.1283e+18,119.54,,16.667,8.5668,0,0
0.58551,1.8654e+05,3.0569,397.3,5.9557,0,20681,-1.1349e+18,118.73,,16.74,8.6399,0,0
0.57622,1.8371e+05,3.0733,391.69,5.841,0,20218,-1.1415e+18,117.91,,16.813,8.713,0,0
0.56694,1.8088e+05,3.0896,386.09,5.7262,0,19754,-1.1481e+18,117.09,,16.886,8.7861,0,0
0.55765,1.7806e+05,3.1059,380.48,5.6115,0,19290,-1.1546e+18,116.27,,16.959,8.8592,0,0
0.54836,1.7523e+05,3.1223,374.87,5.4967,0,18826,-1.1612e+18,115.45,,17.032,8.9323,0,0
0.53907,1.7241e+05,3.1386,369.26,5.382,0,18362,-1.1678e+18,114.63,,17.105,9.0054,0,0
0.53049,1.6978e+05,3.1544,364.01,5.2748,0,17947,-1.1737e+18,113.87,,17.179,9.0785,0,0
0.52262,1.6736e+05,3.1696,359.11,5.1753,0,17580,-1.1789e+18,113.15,,17.252,9.1516,0,0
0.51475,1.6493e+05,3.1849,354.21,5.0757,0,17214,-1.1841e+18,112.44,,17.325,9.2247,0,0
0.50689,1.6251e+05,3.2001,349.31,4.9761,0,16848,-1.1893e+18,111.72,,17.398,9.2978,0,0
0.49902,1.6009e+05,3.2154,344.41,4.8766,0,16482,-1.1945e+18,111.01,,17.471,9.3709,0,0
0.49115,1.5766e+05,3.2306,339.52,4.777,0,16115,-1.1997e+18,110.29,,17.544,9.444,0,0
0.48329,1.5524e+05,3.2458,334.62,4.6774,0,15749,-1.2049e+18,109.58,,17.617,9.5171,0,0
0.47542,1.5282e+05,3.2611,329.72,4.5779,0,15383,-1.2101e+18,108.86,,17.69,9.5902,0,0
0.46766,1.5043e+05,3.2763,324.88,4.4777,0,15023,-1.2152e+18,108.15,,17.763,9.6633,0,0
0.46111,1.484e+05,3.2914,320.74,4.3711,0,14732,-1.2194e+18,107.5,,17.836,9.7364,0,0
0.45456,1.4638e+05,3.3065,316.6,4.2644,0,14441,-1.2235e+18,106.84,,17.91,9.8095,0,0
0.44801,1.4435e+05,3.3216,312.45,4.1578,0,14150,-1.2276e+18,106.18,,17.983,9.8826,0,0
0.44146,1.4233e+05,3.3367,308.31,4.0512,0,13859,-1.2318e+18,105.52,,18.056,9.9557,0,0
0.43491,1.403e+05,3.3518,304.17,3.9445,0,13568,-1.2359e+18,104.87,,18.129,10.029,0,0
0.42836,1.3828e+05,3.3669,300.02,3.8379,0,13277,-1.24e+18,104.21,,18.202,10.102,0,0
0.42181,1.3625e+05,3.382,295.88,3.7313,0,12986,-1.2442e+18,103.55,,18.275,10.175,0,0
0.41526,1.3423e+05,3.3971,291.73,3.6246,0,12694,-1.2483e+18,102.9,,18.348,10.248,0,0
0.40874,1.3221e+05,3.4131,287.57,3.5028,0,12413,-1.2523e+18,102.23,,18.421,10.321,0,0
0.40224,1.3019e+05,3.4295,283.39,3.3712,0,12137,-1.2562e+18,101.55,,18.494,10.394,0,0
0.39574,1.2817e+05,3.446,279.21,3.2396,0,11862,-1.2601e+18,100.88,,18.567,10.467,0,0
0.38923,1.2615e+05,3.4624,275.04,3.108,0,11586,-1.264e+18,100.2,,18.64,10.54,0,0
0.38253,1.2406e+05,3.4799,270.71,2.9391,0,11305,-1.268e+18,99.492,,18.714,10.614,0,0
0.37542,1.2184e+05,3.4993,266.09,2.6977,0,11014,-1.2722e+18,98.723,,18.787,10.687,0,0
0.36832,1.1963e+05,3.5187,261.47,2.4563,0,10723,-1.2763e+18,97.955,,18.86,10.76,0,0
0.36122,1.1741e+05,3.5381,256.85,2.215,0,10431,-1.2804e+18,97.187,,18.933,10.833,0,0
0.3541,1.1518e+05,3.5576,252.22,1.9779,0,10140,-1.2846e+18,96.414,,19.006,10.906,0,0
0.34667,1.1285e+05,3.5792,247.35,1.796,0,9844,-1.2888e+18,95.589,,19.079,10.979,0,0
0.33925,1.1053e+05,3.6008,242.47,1.6141,0,9548.3,-1.293e+18,94.763,,19.152,11.052,0,0
0.33131,1.0804e+05,3.6248,237.25,1.4397,0,9236.7,-1.2974e+18,93.866,,19.225,11.125,0,0
0.31925,1.0427e+05,3.6665,229.35,0.79393,0,8754.5,-1.3043e+18,92.328,,19.298,11.198,0,0
1.3601,3.4858e+05,0.40342,203.29,-0.022772,0,1.3336e+05,4.6516e+17,330.13,,19.372,11.271,0,0
1.3749,3.5214e+05,0.39262,200.16,0.24004,0,1.3503e+05,4.8888e+17,330.66,,19.445,11.345,0,0
1.3873,3.5486e+05,0.37632,193.78,0.44532,0,1.3653e+05,5.1024e+17,331.36,,19.518,11.418,0,0
1.3983,3.5732e+05,0.36092,187.5,0.96889,0,1.379e+05,5.2966e+17,332.05,,19.591,11.491,0,0
1.406,3.5892e+05,0.34747,181.64,1.3056,0,1.3887e+05,5.4345e+17,332.56,,19.664,11.564,0,0
1.4114,3.5994e+05,0.33544,176.12,1.3255,0,1.3957e+05,5.5344e+17,332.96,,19.737,11.637,0,0
1.4168,3.61e+05,0.32445,171.11,1.3919,0,1.4026e+05,5.6324e+17,333.34,,19.81,11.71,0,0
1.4219,3.6215e+05,0.31571,167.19,1.5585,0,1.4093e+05,5.7264e+17,333.69,,19.883,11.783,0,0
1.4267,3.632e+05,0.30753,163.5,1.6708,0,1.4153e+05,5.8125e+17,334.02,,19.956,11.856,0,0
1.4289,3.6367e+05,0.30244,161.07,1.4865,0,1.4183e+05,5.8555e+17,334.22,,20.029,11.929,0,0
1.4311,3.6415e+05,0.29734,158.65,1.3022,0,1.4214e+05,5.8985e+17,334.41,,20.103,12.002,0,0
1.4333,3.6462e+05,0.29225,156.22,1.1178,0,1.4244e+05,5.9415e+17,334.61,,20.176,12.076,0,0
1.4355,3.651e+05,0.28715,153.8,0.93348,0,1.4274e+05,5.9845e+17,334.8,,20.249,12.149,0,0
1.4368,3.6535e+05,0.28334,151.93,0.75846,0,1.4293e+05,6.0107e+17,334.93,,20.322,12.222,0,0
1.438,3.6556e+05,0.2798,150.17,0.58534,0,1.4309e+05,6.0335e+17,335.04,,20.395,12.295,0,0
1.4389,3.6573e+05,0.27711,148.84,0.43404,0,1.4321e+05,6.0511e+17,335.12,,20.468,12.368,0,0
1.4397,3.6587e+05,0.27488,147.74,0.29432,0,1.4332e+05,6.066e+17,335.18,,20.541,12.441,0,0
1.4404,3.6601e+05,0.27322,146.93,0.17575,0,1.4341e+05,6.0789e+17,335.22,,20.614,12.514,0,0
1.441,3.6615e+05,0.2722,146.45,0.08042,0,1.4348e+05,6.0896e+17,335.25,,20.687,12.587,0,0
1.4417,3.6629e+05,0.27141,146.1,0.0032803,0,1.4356e+05,6.1001e+17,335.27,,20.76,12.66,0,0
1.4424,3.6646e+05,0.27118,146.04,-0.031314,0,1.4362e+05,6.1098e+17,335.27,,20.833,12.733,0,0
1.443,3.6662e+05,0.27097,146,-0.061647,0,1.4369e+05,6.1194e+17,335.27,,20.907,12.807,0,0
1.4437,3.6677e+05,0.27096,146.05,-0.061512,0,1.4375e+05,6.1282e+17,335.27,,20.98,12.88,0,0
1.4443,3.6693e+05,0.27095,146.11,-0.061377,0,1.4382e+05,6.137e+17,335.27,,21.053,12.953,0,0
1.4446,3.6702e+05,0.27098,146.16,-0.061638,0,1.4385e+05,6.1418e+17,335.27,,21.126,13.026,0,0
1.445,3.671e+05,0.27102,146.22,-0.061928,0,1.4388e+05,6.1463e+17,335.27,,21.199,13.099,0,0
1.445,3.6712e+05,0.27115,146.3,-0.06402,0,1.4389e+05,6.1468e+17,335.26,,21.272,13.172,0,0
1.445,3.6711e+05,0.27133,146.38,-0.066746,0,1.4388e+05,6.1459e+17,335.25,,21.345,13.245,0,0
1.4449,3.6708e+05,0.27161,146.52,-0.071503,0,1.4386e+05,6.1432e+17,335.23,,21.418,13.318,0,0
1.4447,3.6702e+05,0.27197,146.69,-0.077931,0,1.4383e+05,6.139e+17,335.21,,21.491,13.391,0,0
1.4445,3.6696e+05,0.27242,146.9,-0.083217,0,1.438e+05,6.1342e+17,335.18,,21.564,13.464,0,0
1.4442,3.6689e+05,0.27302,147.19,-0.086452,0,1.4376e+05,6.1283e+17,335.15,,21.638,13.538,0,0
1.4439,3.668e+05,0.27363,147.48,-0.097438,0,1.4371e+05,6.1217e+17,335.11,,21.711,13.611,0,0
1.4434,3.6665e+05,0.27435,147.8,-0.15178,0,1.4363e+05,6.1111e+17,335.06,,21.784,13.684,0,0
1.4429,3.665e+05,0.27506,148.12,-0.20613,0,1.4356e+05,6.1006e+17,335.01,,21.857,13.757,0,0
1.4425,3.6641e+05,0.27619,148.68,-0.2332,0,1.435e+05,6.0917e+17,334.95,,21.93,13.83,0,0
1.4421,3.6631e+05,0.27734,149.25,-0.2587,0,1.4344e+05,6.0829e+17,334.89,,22.003,13.903,0,0
1.4416,3.6617e+05,0.27879,149.95,-0.2777,0,1.4335e+05,6.0705e+17,334.81,,22.076,13.976,0,0
1.4409,3.6601e+05,0.28035,150.71,-0.2944,0,1.4325e+05,6.0567e+17,334.73,,22.149,14.049,0,0
1.4402,3.6584e+05,0.28206,151.53,-0.31139,0,1.4315e+05,6.0418e+17,334.65,,22.222,14.122,0,0
1.4395,3.6566e+05,0.28392,152.43,-0.32864,0,1.4303e+05,6.0258e+17,334.57,,22.295,14.195,0,0
1.4386,3.6547e+05,0.28587,153.37,-0.34545,0,1.4292e+05,6.0091e+17,334.48,,22.369,14.269,0,0
1.4377,3.6526e+05,0.28803,154.41,-0.36134,0,1.4279e+05,5.9909e+17,334.4,,22.442,14.342,0,0
1.4368,3.6506e+05,0.29021,155.46,-0.37749,0,1.4266e+05,5.9725e+17,334.31,,22.515,14.415,0,0
1.4357,3.6483e+05,0.2926,156.6,-0.39641,0,1.4251e+05,5.9519e+17,334.22,,22.588,14.488,0,0
1.4347,3.6459e+05,0.295,157.75,-0.41534,0,1.4237e+05,5.9314e+17,334.13,,22.661,14.561,0,0
1.4332,3.6424e+05,0.29725,158.76,-0.45908,0,1.4218e+05,5.9045e+17,334.01,,22.734,14.634,0,0
1.4317,3.6387e+05,0.29947,159.76,-0.50663,0,1.4198e+05,5.8766e+17,333.9,,22.807,14.707,0,0
1.4305,3.6358e+05,0.30192,160.89,-0.53985,0,1.4181e+05,5.8524e+17,333.8,,22.88,14.78,0,0
1.4293,3.6334e+05,0.3045,162.11,-0.56516,0,1.4166e+05,5.8302e+17,333.7,,22.953,14.853,0,0
1.4282,3.6309e+05,0.30707,163.32,-0.59048,0,1.415e+05,5.808e+17,333.59,,23.027,14.926,0,0
1.427,3.6285e+05,0.30965,164.54,-0.6158,0,1.4134e+05,5.7858e+17,333.49,,23.1,15,0,0
1.4258,3.6258e+05,0.31227,165.77,-0.63499,0,1.4118e+05,5.7623e+17,333.39,,23.173,15.073,0,0
1.4242,3.6223e+05,0.31515,167.07,-0.62401,0,1.4097e+05,5.7326e+17,333.27,,23.246,15.146,0,0
1.4226,3.6187e+05,0.31803,168.38,-0.61303,0,1.4076e+05,5.7029e+17,333.14,,23.319,15.219,0,0
1.4211,3.6151e+05,0.32091,169.68,-0.60205,0,1.4055e+05,5.6731e+17,333.02,,23.392,15.292,0,0
1.4195,3.6115e+05,0.32378,170.99,-0.59107,0,1.4034e+05,5.6434e+17,332.89,,23.465,15.365,0,0
1.4183,3.6089e+05,0.32624,172.11,-0.48181,0,1.4018e+05,5.6204e+17,332.79,,23.538,15.438,0,0
1.4172,3.6067e+05,0.3285,173.15,-0.32899,0,1.4004e+05,5.6004e+17,332.7,,23.611,15.511,0,0
1.4162,3.6046e+05,0.33077,174.2,-0.17617,0,1.399e+05,5.5804e+17,332.6,,23.684,15.584,0,0
1.4152,3.6024e+05,0.33303,175.24,-0.023358,0,1.3976e+05,5.5604e+17,332.51,,23.757,15.657,0,0
1.4146,3.6006e+05,0.33495,176.14,0.11789,0,1.3964e+05,5.5433e+17,332.36,,23.831,15.731,0,0
1.416,3.6e+05,0.33536,176.43,0.20888,0,1.3961e+05,5.539e+17,331.95,,23.904,15.804,0,0
1.4175,3.5995e+05,0.33577,176.71,0.29987,0,1.3957e+05,5.5346e+17,331.54,,23.977,15.877,0,0
1.4189,3.599e+05,0.33619,177,0.39086,0,1.3954e+05,5.5302e+17,331.14,,24.05,15.95,0,0
1.4203,3.5985e+05,0.3366,177.29,0.48185,0,1.3951e+05,5.5258e+17,330.73,,24.123,16.023,0,0
1.4287,3.6136e+05,0.33746,178.63,-0.039335,0,1.4008e+05,5.6058e+17,330.15,,24.196,16.096,0,0
1.4403,3.636e+05,0.33852,180.47,-0.84685,0,1.4092e+05,5.7251e+17,329.49,,24.269,16.169,0,0
1.4519,3.6584e+05,0.33958,182.31,-1.6544,0,1.4176e+05,5.8444e+17,328.83,,24.342,16.242,0,0
1.4635,3.6808e+05,0.34064,184.15,-2.4619,0,1.426e+05,5.9637e+17,328.16,,24.415,16.315,0,0
1.4751,3.7033e+05,0.3417,185.99,-3.2694,0,1.4344e+05,6.0831e+17,327.5,,24.489,16.389,0,0
1.4867,3.7257e+05,0.34276,187.83,-4.077,0,1.4428e+05,6.2024e+17,326.84,,24.562,16.462,0,0
1.4984,3.7481e+05,0.34382,189.67,-4.8845,0,1.4512e+05,6.3217e+17,326.18,,24.635,16.535,0,0
1.51,3.7705e+05,0.34488,191.51,-5.692,0,1.4596e+05,6.441e+17,325.52,,24.708,16.608,0,0
1.5216,3.7929e+05,0.34594,193.35,-6.4995,0,1.468e+05,6.5604e+17,324.86,,24.781,16.681,0,0
1.5313,3.819e+05,0.34921,196.46,-7.1246,0,1.4771e+05,6.6897e+17,324.77,,24.854,16.754,0,0
1.5398,3.8475e+05,0.35389,200.38,-7.6327,0,1.4866e+05,6.8254e+17,325.05,,24.927,16.827,0,0
1.5483,3.8759e+05,0.35857,204.31,-8.1408,0,1.4962e+05,6.9611e+17,325.34,,25,16.9,0,0
1.5569,3.9044e+05,0.36325,208.23,-8.6489,0,1.5058e+05,7.0969e+17,325.62,,25.073,16.973,0,0
1.5654,3.9329e+05,0.36793,212.15,-9.157,0,1.5153e+05,7.2326e+17,325.9,,25.146,17.046,0,0
1.5739,3.9613e+05,0.37261,216.08,-9.6651,0,1.5249e+05,7.3683e+17,326.18,,25.219,17.119,0,0
1.5824,3.9898e+05,0.37729,220,-10.173,0,1.5344e+05,7.504e+17,326.47,,25.293,17.193,0,0
1.5909,4.0182e+05,0.38197,223.92,-10.681,0,1.544e+05,7.6398e+17,326.75,,25.366,17.266,0,0
1.5995,4.0467e+05,0.38665,227.85,-11.189,0,1.5536e+05,7.7755e+17,327.03,,25.439,17.339,0,0
1.601,4.0566e+05,0.39524,232.86,-11.633,0,1.5545e+05,7.7884e+17,326.9,,25.512,17.412,0,0
1.5949,4.0461e+05,0.40812,239.07,-12.006,0,1.5459e+05,7.6662e+17,326.32,,25.585,17.485,0,0
1.5888,4.0357e+05,0.42101,245.28,-12.379,0,1.5372e+05,7.5439e+17,325.74,,25.658,17.558,0,0
1.5827,4.0252e+05,0.43389,251.49,-12.752,0,1.5286e+05,7.4217e+17,325.16,,25.731,17.631,0,0
1.5765,4.0147e+05,0.44678,257.69,-13.125,0,1.52e+05,7.2995e+17,324.58,,25.804,17.704,0,0
1.5704,4.0043e+05,0.45967,263.9,-13.497,0,1.5114e+05,7.1772e+17,324.01,,25.877,17.777,0,0
1.5643,3.9938e+05,0.47255,270.11,-13.87,0,1.5028e+05,7.055e+17,323.43,,25.951,17.851,0,0
1.5582,3.9833e+05,0.48544,276.32,-14.243,0,1.4942e+05,6.9328e+17,322.85,,26.024,17.924,0,0
1.5521,3.9729e+05,0.49833,282.53,-14.616,0,1.4856e+05,6.8105e+17,322.27,,26.097,17.997,0,0
1.5443,3.9581e+05,0.51243,288.73,-14.827,0,1.4748e+05,6.6565e+17,321.52,,26.17,18.07,0,0
1.5323,3.9325e+05,0.52965,294.91,-14.626,0,1.4582e+05,6.4213e+17,320.32,,26.243,18.143,0,0
1.5203,3.9069e+05,0.54686,301.09,-14.424,0,1.4416e+05,6.1862e+17,319.13,,26.316,18.216,0,0
1.5083,3.8813e+05,0.56408,307.27,-14.223,0,1.4251e+05,5.951e+17,317.94,,26.389,18.289,0,0
1.4963,3.8557e+05,0.5813,313.45,-14.022,0,1.4085e+05,5.7158e+17,316.74,,26.462,18.362,0,0
1.4843,3.8301e+05,0.59851,319.63,-13.82,0,1.3919e+05,5.4807e+17,315.55,,26.535,18.435,0,0
1.4723,3.8044e+05,0.61573,325.81,-13.619,0,1.3754e+05,5.2455e+17,314.36,,26.608,18.508,0,0
1.4603,3.7788e+05,0.63295,331.99,-13.417,0,1.3588e+05,5.0103e+17,313.17,,26.681,18.581,0,0
1.4483,3.7532e+05,0.65017,338.17,-13.216,0,1.3423e+05,4.7752e+17,311.97,,26.755,18.655,0,0
1.4363,3.7276e+05,0.66737,344.31,-13.011,0,1.3257e+05,4.5402e+17,310.78,,26.828,18.728,0,0
1.4246,3.703e+05,0.68418,348.68,-12.69,0,1.3096e+05,4.3118e+17,309.44,,26.901,18.801,0,0
1.4129,3.6784e+05,0.70099,353.05,-12.368,0,1.2936e+05,4.0834e+17,308.1,,26.974,18.874,0,0
1.4012,3.6539e+05,0.7178,357.43,-12.047,0,1.2775e+05,3.855e+17,306.76,,27.047,18.947,0,0
1.3895,3.6293e+05,0.73461,361.8,-11.725,0,1.2614e+05,3.6266e+17,305.42,,27.12,19.02,0,0
1.3778,3.6047e+05,0.75142,366.17,-11.404,0,1.2453e+05,3.3982e+17,304.08,,27.193,19.093,0,0
1.3661,3.5801e+05,0.76823,370.55,-11.082,0,1.2292e+05,3.1698e+17,302.74,,27.266,19.166,0,0
1.3544,3.5555e+05,0.78504,374.92,-10.761,0,1.2131e+05,2.9414e+17,301.4,,27.339,19.239,0,0
1.3427,3.5309e+05,0.80185,379.29,-10.439,0,1.1971e+05,2.713e+17,300.06,,27.413,19.312,0,0
1.331,3.5063e+05,0.81866,383.67,-10.117,0,1.181e+05,2.4846e+17,298.72,,27.486,19.386,0,0
1.3199,3.4829e+05,0.83432,386.71,-9.7833,0,1.1661e+05,2.2732e+17,297.4,,27.559,19.459,0,0
1.309,3.4599e+05,0.84951,389.19,-9.444,0,1.1517e+05,2.0688e+17,296.1,,27.632,19.532,0,0
1.2981,3.4369e+05,0.86469,391.67,-9.1046,0,1.1373e+05,1.8645e+17,294.8,,27.705,19.605,0,0
1.2872,3.4139e+05,0.87988,394.15,-8.7652,0,1.1229e+05,1.6601e+17,293.5,,27.778,19.678,0,0
1.2763,3.3909e+05,0.89506,396.63,-8.4259,0,1.1085e+05,1.4558e+17,292.2,,27.851,19.751,0,0
1.2654,3.3679e+05,0.91025,399.11,-8.0865,0,1.0941e+05,1.2514e+17,290.89,,27.924,19.824,0,0
1.2545,3.3448e+05,0.92543,401.59,-7.7471,0,1.0797e+05,1.0471e+17,289.59,,27.997,19.897,0,0
1.2436,3.3218e+05,0.94062,404.07,-7.4078,0,1.0653e+05,8.4273e+16,288.29,,28.07,19.97,0,0
1.2327,3.2988e+05,0.9558,406.56,-7.0684,0,1.051e+05,6.3839e+16,286.99,,28.143,20.043,0,0
1.2221,3.2762e+05,0.97049,408.58,-6.7565,0,1.0371e+05,4.4187e+16,285.71,,28.217,20.117,0,0
1.2121,3.2544e+05,0.98414,409.64,-6.5025,0,1.0244e+05,2.6187e+16,284.46,,28.29,20.19,0,0
1.2021,3.2326e+05,0.99779,410.69,-6.2485,0,1.0118e+05,8.1866e+15,283.22,,28.363,20.263,0,0
1.1921,3.2108e+05,1.0114,411.75,-5.9945,0,99909,-9.8132e+15,281.98,,28.436,20.336,0,0
1.1821,3.1889e+05,1.0251,412.81,-5.7405,0,98641,-2.7814e+16,280.73,,28.509,20.409,0,0
1.1721,3.1671e+05,1.0387,413.86,-5.4865,0,97374,-4.5813e+16,279.49,,28.582,20.482,0,0
1.1621,3.1453e+05,1.0524,414.92,-5.2326,0,96106,-6.3814e+16,278.25,,28.655,20.555,0,0
1.1521,3.1235e+05,1.066,415.98,-4.9786,0,94839,-8.1813e+16,277.01,,28.728,20.628,0,0
1.1421,3.1016e+05,1.0797,417.03,-4.7246,0,93571,-9.9813e+16,275.76,,28.801,20.701,0,0
1.1321,3.0798e+05,1.0933,418.09,-4.4706,0,92304,-1.1781e+17,274.52,,28.875,20.774,0,0
1.123,3.0595e+05,1.1057,418.3,-4.2937,0,91199,-1.335e+17,273.37,,28.948,20.848,0,0
1.1141,3.0395e+05,1.1178,418.4,-4.1278,0,90118,-1.4885e+17,272.23,,29.021,20.921,0,0
1.1052,3.0194e+05,1.13,418.49,-3.9619,0,89037,-1.6421e+17,271.08,,29.094,20.994,0,0
1.0962,2.9993e+05,1.1421,418.58,-3.7959,0,87955,-1.7956e+17,269.94,,29.167,21.067,0,0
1.0873,2.9793e+05,1.1542,418.68,-3.63,0,86874,-1.9491e+17,268.8,,29.24,21.14,0,0
1.0784,2.9592e+05,1.1664,418.77,-3.4641,0,85793,-2.1027e+17,267.66,,29.313,21.213,0,0
1.0695,2.9391e+05,1.1785,418.86,-3.2982,0,84712,-2.2562e+17,266.52,,29.386,21.286,0,0
1.0606,2.9191e+05,1.1907,418.96,-3.1323,0,83630,-2.4098e+17,265.38,,29.459,21.359,0,0
1.0516,2.899e+05,1.2028,419.05,-2.9664,0,82549,-2.5633e+17,264.24,,29.532,21.432,0,0
1.0432,2.8799e+05,1.2143,418.94,-2.8184,0,81543,-2.7062e+17,263.16,,29.605,21.505,0,0
1.0356,2.8625e+05,1.2247,418.47,-2.7017,0,80667,-2.8306e+17,262.18,,29.679,21.579,0,0
1.0281,2.8452e+05,1.2352,418.01,-2.585,0,79791,-2.955e+17,261.2,,29.752,21.652,0,0
1.0205,2.8278e+05,1.2456,417.54,-2.4682,0,78915,-3.0793e+17,260.21,,29.825,21.725,0,0
1.013,2.8104e+05,1.256,417.07,-2.3515,0,78039,-3.2037e+17,259.23,,29.898,21.798,0,0
1.0054,2.7931e+05,1.2664,416.61,-2.2348,0,77164,-3.3281e+17,258.25,,29.971,21.871,0,0
0.99784,2.7757e+05,1.2768,416.14,-2.1181,0,76288,-3.4524e+17,257.27,,30.044,21.944,0,0
0.99027,2.7583e+05,1.2872,415.68,-2.0013,0,75412,-3.5768e+17,256.28,,30.117,22.017,0,0
0.98271,2.7409e+05,1.2977,415.21,-1.8846,0,74536,-3.7012e+17,255.3,,30.19,22.09,0,0
0.97515,2.7236e+05,1.3081,414.74,-1.7679,0,73660,-3.8256e+17,254.32,,30.263,22.163,0,0
0.96917,2.7097e+05,1.3167,414.2,-1.6495,0,72978,-3.9225e+17,253.5,,30.337,22.236,0,0
0.96361,2.6968e+05,1.3249,413.64,-1.5306,0,72348,-4.012e+17,252.73,,30.41,22.31,0,0
0.95805,2.6838e+05,1.3331,413.08,-1.4118,0,71717,-4.1015e+17,251.96,,30.483,22.383,0,0
0.95249,2.6709e+05,1.3412,412.52,-1.2929,0,71087,-4.191e+17,251.19,,30.556,22.456,0,0
0.94693,2.658e+05,1.3494,411.96,-1.1741,0,70456,-4.2805e+17,250.42,,30.629,22.529,0,0
0.94137,2.645e+05,1.3576,411.4,-1.0552,0,69826,-4.3701e+17,249.65,,30.702,22.602,0,0
0.93581,2.6321e+05,1.3657,410.84,-0.9364,0,69196,-4.4596e+17,248.87,,30.775,22.675,0,0
0.93025,2.6191e+05,1.3739,410.28,-0.81755,0,68565,-4.5491e+17,248.1,,30.848,22.748,0,0
0.92469,2.6062e+05,1.3821,409.72,-0.6987,0,67935,-4.6386e+17,247.33,,30.921,22.821,0,0
0.91959,2.5944e+05,1.3899,409.26,-0.56824,0,67347,-4.7221e+17,246.58,,30.994,22.894,0,0
0.91719,2.5893e+05,1.3961,409.45,-0.36851,0,67012,-4.7696e+17,245.99,,31.068,22.968,0,0
0.9148,2.5843e+05,1.4022,409.64,-0.16878,0,66678,-4.8171e+17,245.39,,31.141,23.041,0,0
0.9124,2.5792e+05,1.4084,409.84,0.030941,0,66344,-4.8646e+17,244.79,,31.214,23.114,0,0
0.91001,2.5742e+05,1.4145,410.03,0.23067,0,66009,-4.9121e+17,244.19,,31.287,23.187,0,0
0.90761,2.5691e+05,1.4206,410.22,0.4304,0,65675,-4.9596e+17,243.6,,31.36,23.26,0,0
0.90522,2.5641e+05,1.4268,410.41,0.63013,0,65340,-5.0071e+17,243,,31.433,23.333,0,0
0.90282,2.559e+05,1.4329,410.6,0.82985,0,65006,-5.0546e+17,242.4,,31.506,23.406,0,0
0.90043,2.554e+05,1.4391,410.79,1.0296,0,64671,-5.1021e+17,241.81,,31.579,23.479,0,0
0.89803,2.5489e+05,1.4452,410.98,1.2293,0,64337,-5.1496e+17,241.21,,31.652,23.552,0,0
0.89655,2.5462e+05,1.4505,411.4,1.4208,0,64089,-5.1847e+17,240.69,,31.725,23.625,0,0
0.89626,2.5464e+05,1.4549,412.11,1.6015,0,63956,-5.2037e+17,240.26,,31.799,23.698,0,0
0.89597,2.5467e+05,1.4592,412.82,1.7822,0,63822,-5.2226e+17,239.84,,31.872,23.772,0,0
0.89567,2.547e+05,1.4635,413.54,1.9629,0,63689,-5.2416e+17,239.42,,31.945,23.845,0,0
0.89538,2.5473e+05,1.4678,414.25,2.1436,0,63556,-5.2605e+17,238.99,,32.018,23.918,0,0
0.89509,2.5476e+05,1.4721,414.96,2.3243,0,63422,-5.2794e+17,238.57,,32.091,23.991,0,0
0.89479,2.5478e+05,1.4764,415.67,2.5049,0,63289,-5.2984e+17,238.15,,32.164,24.064,0,0
0.8945,2.5481e+05,1.4807,416.38,2.6856,0,63155,-5.3173e+17,237.72,,32.237,24.137,0,0
0.89421,2.5484e+05,1.485,417.1,2.8663,0,63022,-5.3363e+17,237.3,,32.31,24.21,0,0
0.89392,2.5487e+05,1.4893,417.81,3.047,0,62889,-5.3552e+17,236.87,,32.383,24.283,0,0
0.89391,2.5493e+05,1.4927,418.45,3.0739,0,62795,-5.3686e+17,236.52,,32.456,24.356,0,0
0.89406,2.5502e+05,1.4957,419.05,3.0207,0,62721,-5.379e+17,236.21,,32.53,24.43,0,0
0.89422,2.551e+05,1.4986,419.66,2.9674,0,62648,-5.3894e+17,235.89,,32.603,24.503,0,0
0.89437,2.5519e+05,1.5015,420.27,2.9142,0,62575,-5.3998e+17,235.57,,32.676,24.576,0,0
0.89452,2.5527e+05,1.5044,420.87,2.8609,0,62501,-5.4102e+17,235.26,,32.749,24.649,0,0
0.89467,2.5536e+05,1.5073,421.48,2.8077,0,62428,-5.4206e+17,234.94,,32.822,24.722,0,0
0.89482,2.5544e+05,1.5103,422.08,2.7544,0,62355,-5.431e+17,234.63,,32.895,24.795,0,0
0.89497,2.5553e+05,1.5132,422.69,2.7012,0,62281,-5.4414e+17,234.31,,32.968,24.868,0,0
0.89512,2.5561e+05,1.5161,423.29,2.6479,0,62208,-5.4519e+17,234,,33.041,24.941,0,0
0.89527,2.557e+05,1.519,423.9,2.5947,0,62135,-5.4623e+17,233.68,,33.114,25.014,0,0
0.89652,2.5599e+05,1.5205,424.7,2.4272,0,62158,-5.4589e+17,233.45,,33.187,25.087,0,0
0.89802,2.5633e+05,1.5217,425.53,2.2337,0,62204,-5.4524e+17,233.23,,33.26,25.16,0,0
0.89953,2.5668e+05,1.5228,426.37,2.0403,0,62250,-5.446e+17,233.01,,33.334,25.234,0,0
0.90103,2.5702e+05,1.524,427.21,1.8468,0,62295,-5.4395e+17,232.8,,33.407,25.307,0,0
0.90253,2.5736e+05,1.5251,428.05,1.6534,0,62341,-5.433e+17,232.58,,33.48,25.38,0,0
0.90403,2.577e+05,1.5263,428.89,1.46,0,62386,-5.4265e+17,232.36,,33.553,25.453,0,0
0.90553,2.5805e+05,1.5274,429.72,1.2665,0,62432,-5.42e+17,232.15,,33.626,25.526,0,0
0.90703,2.5839e+05,1.5286,430.56,1.0731,0,62478,-5.4136e+17,231.93,,33.699,25.599,0,0
0.90854,2.5873e+05,1.5298,431.4,0.87966,0,62523,-5.4071e+17,231.71,,33.772,25.672,0,0
0.91004,2.5907e+05,1.5309,432.24,0.68622,0,62569,-5.4006e+17,231.5,,33.845,25.745,0,0
0.91452,2.6023e+05,1.5274,433.63,0.396,0,62967,-5.3441e+17,231.81,,33.918,25.818,0,0
0.91932,2.6146e+05,1.5235,435.08,0.095706,0,63401,-5.2825e+17,232.18,,33.992,25.892,0,0
0.92411,2.627e+05,1.5195,436.53,-0.20458,0,63835,-5.2208e+17,232.54,,34.065,25.965,0,0
0.92891,2.6394e+05,1.5156,437.98,-0.50487,0,64269,-5.1591e+17,232.91,,34.138,26.038,0,0
0.9337,2.6518e+05,1.5116,439.43,-0.80515,0,64704,-5.0974e+17,233.28,,34.211,26.111,0,0
0.9385,2.6641e+05,1.5076,440.88,-1.1054,0,65138,-5.0358e+17,233.65,,34.284,26.184,0,0
0.94329,2.6765e+05,1.5037,442.33,-1.4057,0,65572,-4.9741e+17,234.02,,34.357,26.257,0,0
0.94808,2.6889e+05,1.4997,443.78,-1.706,0,66007,-4.9124e+17,234.38,,34.43,26.33,0,0
0.95288,2.7013e+05,1.4957,445.23,-2.0063,0,66441,-4.8508e+17,234.75,,34.503,26.403,0,0
0.95767,2.7136e+05,1.4918,446.69,-2.3066,0,66875,-4.7891e+17,235.12,,34.576,26.476,0,0
0.96642,2.7361e+05,1.4846,449.1,-2.5493,0,67698,-4.6722e+17,235.8,,34.649,26.549,0,0
0.97547,2.7593e+05,1.4772,451.59,-2.7877,0,68551,-4.5512e+17,236.51,,34.722,26.622,0,0
0.98452,2.7825e+05,1.4698,454.07,-3.0261,0,69403,-4.4301e+17,237.22,,34.796,26.696,0,0
0.99357,2.8058e+05,1.4624,456.56,-3.2645,0,70255,-4.3091e+17,237.93,,34.869,26.769,0,0
1.0026,2.829e+05,1.4551,459.05,-3.5029,0,71108,-4.188e+17,238.63,,34.942,26.842,0,0
1.0117,2.8522e+05,1.4477,461.54,-3.7413,0,71960,-4.067e+17,239.34,,35.015,26.915,0,0
1.0207,2.8754e+05,1.4403,464.02,-3.9797,0,72813,-3.9459e+17,240.05,,35.088,26.988,0,0
1.0298,2.8986e+05,1.4329,466.51,-4.218,0,73665,-3.8249e+17,240.76,,35.161,27.061,0,0
1.0388,2.9219e+05,1.4255,469,-4.4564,0,74518,-3.7038e+17,241.46,,35.234,27.134,0,0
1.0479,2.9451e+05,1.4181,471.49,-4.6948,0,75370,-3.5828e+17,242.17,,35.307,27.207,0,0
1.0601,2.9764e+05,1.409,474.55,-4.785,0,76556,-3.4144e+17,243.06,,35.38,27.28,0,0
1.0727,3.0087e+05,1.3997,477.69,-4.8559,0,77785,-3.2398e+17,243.98,,35.453,27.354,0,0
1.0854,3.0411e+05,1.3904,480.83,-4.9269,0,79014,-3.0653e+17,244.89,,35.527,27.427,0,0
1.098,3.0734e+05,1.3811,483.97,-4.9978,0,80243,-2.8907e+17,245.81,,35.6,27.5,0,0
1.1107,3.1058e+05,1.3718,487.11,-5.0687,0,81473,-2.7162e+17,246.72,,35.673,27.573,0,0
1.1233,3.1381e+05,1.3625,490.25,-5.1396,0,82702,-2.5416e+17,247.64,,35.746,27.646,0,0
1.1359,3.1705e+05,1.3533,493.39,-5.2105,0,83931,-2.3671e+17,248.55,,35.819,27.719,0,0
1.1486,3.2028e+05,1.344,496.52,-5.2814,0,85160,-2.1925e+17,249.47,,35.892,27.792,0,0
1.1612,3.2351e+05,1.3347,499.66,-5.3523,0,86389,-2.018e+17,250.38,,35.965,27.865,0,0
1.1738,3.2675e+05,1.3254,502.8,-5.4232,0,87618,-1.8434e+17,251.3,,36.038,27.938,0,0
1.1873,3.3018e+05,1.3169,506,-5.5075,0,88933,-1.6568e+17,252.12,,36.111,28.011,0,0
1.2011,3.3368e+05,1.3087,509.22,-5.5958,0,90272,-1.4666e+17,252.92,,36.185,28.084,0,0
1.2149,3.3717e+05,1.3005,512.44,-5.6841,0,91611,-1.2765e+17,253.72,,36.258,28.158,0,0
1.2286,3.4067e+05,1.2923,515.66,-5.7724,0,92950,-1.0863e+17,254.51,,36.331,28.231,0,0
1.2424,3.4416e+05,1.2841,518.88,-5.8607,0,94290,-8.961e+16,255.31,,36.404,28.304,0,0
1.2561,3.4765e+05,1.2759,522.1,-5.949,0,95629,-7.0592e+16,256.11,,36.477,28.377,0,0
1.2699,3.5115e+05,1.2677,525.32,-6.0373,0,96968,-5.1574e+16,256.9,,36.55,28.45,0,0
1.2836,3.5464e+05,1.2594,528.54,-6.1255,0,98307,-3.2556e+16,257.7,,36.623,28.523,0,0
1.2974,3.5814e+05,1.2512,531.76,-6.2138,0,99647,-1.3538e+16,258.5,,36.696,28.596,0,0
1.3112,3.6163e+05,1.243,534.97,-6.3021,0,1.0099e+05,5.4806e+15,259.29,,36.769,28.669,0,0
1.3246,3.6509e+05,1.2368,538.44,-6.3775,0,1.0226e+05,2.3517e+16,259.89,,36.842,28.742,0,0
1.3379,3.6854e+05,1.2321,542.07,-6.444,0,1.0348e+05,4.0873e+16,260.35,,36.916,28.816,0,0
1.3512,3.7198e+05,1.2273,545.71,-6.5105,0,1.047e+05,5.8229e+16,260.8,,36.989,28.889,0,0
1.3645,3.7543e+05,1.2225,549.34,-6.577,0,1.0592e+05,7.5585e+16,261.26,,37.062,28.962,0,0
1.3778,3.7887e+05,1.2177,552.97,-6.6435,0,1.0714e+05,9.2941e+16,261.71,,37.135,29.035,0,0
1.3911,3.8231e+05,1.213,556.61,-6.71,0,1.0837e+05,1.103e+17,262.17,,37.208,29.108,0,0
1.4044,3.8576e+05,1.2082,560.24,-6.7765,0,1.0959e+05,1.2765e+17,262.63,,37.281,29.181,0,0
1.4177,3.892e+05,1.2034,563.87,-6.843,0,1.1081e+05,1.4501e+17,263.08,,37.354,29.254,0,0
1.431,3.9264e+05,1.1987,567.51,-6.9094,0,1.1203e+05,1.6236e+17,263.54,,37.427,29.327,0,0
1.4443,3.9609e+05,1.1939,571.14,-6.9759,0,1.1326e+05,1.7972e+17,264,,37.5,29.4,0,0
1.4573,3.9948e+05,1.1902,574.98,-7.0801,0,1.1441e+05,1.9616e+17,264.35,,37.573,29.473,0,0
1.4696,4.0278e+05,1.1887,579.22,-7.2576,0,1.1545e+05,2.1081e+17,264.49,,37.646,29.546,0,0
1.4818,4.0608e+05,1.1873,583.46,-7.4352,0,1.1648e+05,2.2546e+17,264.63,,37.72,29.62,0,0
1.4941,4.0938e+05,1.1858,587.7,-7.6127,0,1.1751e+05,2.4011e+17,264.78,,37.793,29.693,0,0
1.5064,4.1267e+05,1.1843,591.94,-7.7903,0,1.1854e+05,2.5476e+17,264.92,,37.866,29.766,0,0
1.5187,4.1597e+05,1.1828,596.18,-7.9678,0,1.1957e+05,2.6941e+17,265.06,,37.939,29.839,0,0
1.531,4.1927e+05,1.1814,600.42,-8.1454,0,1.206e+05,2.8406e+17,265.21,,38.012,29.912,0,0
1.5433,4.2257e+05,1.1799,604.66,-8.3229,0,1.2163e+05,2.9871e+17,265.35,,38.085,29.985,0,0
1.5555,4.2586e+05,1.1784,608.9,-8.5005,0,1.2267e+05,3.1336e+17,265.5,,38.158,30.058,0,0
1.5678,4.2916e+05,1.1769,613.14,-8.678,0,1.237e+05,3.2801e+17,265.64,,38.231,30.131,0,0
1.5801,4.3245e+05,1.1755,617.38,-8.8528,0,1.2473e+05,3.4262e+17,265.78,,38.304,30.204,0,0
1.591,4.3544e+05,1.1753,621.56,-8.8832,0,1.256e+05,3.5502e+17,265.8,,38.378,30.278,0,0
1.602,4.3842e+05,1.1751,625.75,-8.9137,0,1.2647e+05,3.6743e+17,265.82,,38.451,30.351,0,0
1.6129,4.4141e+05,1.1749,629.94,-8.9441,0,1.2735e+05,3.7983e+17,265.84,,38.524,30.424,0,0
1.6238,4.444e+05,1.1747,634.13,-8.9745,0,1.2822e+05,3.9224e+17,265.86,,38.597,30.497,0,0
1.6348,4.4738e+05,1.1745,638.32,-9.0049,0,1.2909e+05,4.0464e+17,265.88,,38.67,30.57,0,0
1.6457,4.5037e+05,1.1743,642.51,-9.0354,0,1.2997e+05,4.1704e+17,265.9,,38.743,30.643,0,0
1.6567,4.5335e+05,1.1741,646.7,-9.0658,0,1.3084e+05,4.2945e+17,265.92,,38.816,30.716,0,0
1.6676,4.5634e+05,1.1739,650.88,-9.0962,0,1.3172e+05,4.4185e+17,265.94,,38.889,30.789,0,0
1.6785,4.5932e+05,1.1737,655.07,-9.1266,0,1.3259e+05,4.5426e+17,265.96,,38.962,30.862,0,0
1.6895,4.6231e+05,1.1735,659.26,-9.1571,0,1.3346e+05,4.6666e+17,265.98,,39.035,30.935,0,0
1.6982,4.6475e+05,1.1734,662.67,-8.9623,0,1.3418e+05,4.768e+17,266.03,,39.108,31.008,0,0
1.7056,4.6688e+05,1.1733,665.6,-8.634,0,1.3479e+05,4.8558e+17,266.09,,39.182,31.082,0,0
1.713,4.6901e+05,1.1733,668.54,-8.3058,0,1.3541e+05,4.9437e+17,266.15,,39.255,31.155,0,0
1.7204,4.7114e+05,1.1732,671.48,-7.9775,0,1.3603e+05,5.0315e+17,266.22,,39.328,31.228,0,0
1.7278,4.7327e+05,1.1731,674.42,-7.6492,0,1.3665e+05,5.1194e+17,266.28,,39.401,31.301,0,0
1.7352,4.754e+05,1.1731,677.36,-7.321,0,1.3727e+05,5.2073e+17,266.35,,39.474,31.374,0,0
1.7426,4.7753e+05,1.173,680.3,-6.9927,0,1.3789e+05,5.2951e+17,266.41,,39.547,31.447,0,0
1.75,4.7965e+05,1.1729,683.24,-6.6644,0,1.3851e+05,5.383e+17,266.47,,39.62,31.52,0,0
1.7575,4.8178e+05,1.1729,686.18,-6.3362,0,1.3913e+05,5.4708e+17,266.54,,39.693,31.593,0,0
1.7649,4.8391e+05,1.1728,689.12,-6.0079,0,1.3974e+05,5.5587e+17,266.6,,39.766,31.666,0,0
1.7712,4.8579e+05,1.1728,691.72,-5.6703,0,1.4028e+05,5.6353e+17,266.67,,39.84,31.74,0,0
1.7725,4.8641e+05,1.1734,692.62,-5.2857,0,1.4043e+05,5.6558e+17,266.76,,39.913,31.813,0,0
1.7737,4.8702e+05,1.1739,693.52,-4.901,0,1.4057e+05,5.6762e+17,266.85,,39.986,31.886,0,0
1.7749,4.8764e+05,1.1744,694.42,-4.5164,0,1.4072e+05,5.6966e+17,266.93,,40.059,31.959,0,0
1.7762,4.8826e+05,1.1749,695.32,-4.1318,0,1.4086e+05,5.7171e+17,267.02,,40.132,32.032,0,0
1.7774,4.8887e+05,1.1754,696.22,-3.7472,0,1.41e+05,5.7375e+17,267.11,,40.205,32.105,0,0
1.7786,4.8949e+05,1.1759,697.12,-3.3625,0,1.4115e+05,5.758e+17,267.2,,40.278,32.178,0,0
1.7798,4.9011e+05,1.1764,698.01,-2.9779,0,1.4129e+05,5.7784e+17,267.29,,40.351,32.251,0,0
1.7811,4.9072e+05,1.1769,698.91,-2.5933,0,1.4144e+05,5.7988e+17,267.37,,40.424,32.324,0,0
1.7823,4.9134e+05,1.1774,699.81,-2.2087,0,1.4158e+05,5.8193e+17,267.46,,40.497,32.397,0,0
1.7835,4.9196e+05,1.1779,700.71,-1.824,0,1.4172e+05,5.8397e+17,267.55,,40.571,32.471,0,0
1.7811,4.9145e+05,1.18,700.73,-1.4928,0,1.4144e+05,5.7997e+17,267.38,,40.644,32.544,0,0
1.7765,4.903e+05,1.183,700.25,-1.1924,0,1.4091e+05,5.7249e+17,267.06,,40.717,32.617,0,0
1.7719,4.8915e+05,1.186,699.76,-0.892,0,1.4039e+05,5.65e+17,266.74,,40.79,32.69,0,0
1.7674,4.88e+05,1.189,699.28,-0.59159,0,1.3986e+05,5.5751e+17,266.42,,40.863,32.763,0,0
1.7628,4.8685e+05,1.1919,698.79,-0.2912,0,1.3933e+05,5.5002e+17,266.11,,40.936,32.836,0,0
1.7582,4.857e+05,1.1949,698.31,0.009216,0,1.3881e+05,5.4254e+17,265.79,,41.009,32.909,0,0
1.7537,4.8455e+05,1.1979,697.82,0.30963,0,1.3828e+05,5.3505e+17,265.47,,41.082,32.982,0,0
1.7491,4.834e+05,1.2009,697.34,0.61004,0,1.3775e+05,5.2756e+17,265.15,,41.155,33.055,0,0
1.7445,4.8225e+05,1.2039,696.85,0.91044,0,1.3722e+05,5.2007e+17,264.83,,41.228,33.128,0,0
1.7399,4.811e+05,1.2069,696.36,1.2108,0,1.367e+05,5.1259e+17,264.52,,41.301,33.201,0,0
1.7353,4.7993e+05,1.2099,695.86,1.5054,0,1.3616e+05,5.0499e+17,264.19,,41.375,33.275,0,0
1.728,4.7809e+05,1.2143,694.78,1.5969,0,1.3536e+05,4.9366e+17,263.73,,41.448,33.348,0,0
1.7207,4.7626e+05,1.2188,693.69,1.6883,0,1.3457e+05,4.8233e+17,263.28,,41.521,33.421,0,0
1.7134,4.7443e+05,1.2232,692.61,1.7798,0,1.3377e+05,4.71e+17,262.82,,41.594,33.494,0,0
1.7061,4.7259e+05,1.2277,691.52,1.8712,0,1.3297e+05,4.5966e+17,262.36,,41.667,33.567,0,0
1.6988,4.7076e+05,1.2321,690.43,1.9627,0,1.3217e+05,4.4833e+17,261.9,,41.74,33.64,0,0
1.6915,4.6893e+05,1.2366,689.35,2.0541,0,1.3137e+05,4.37e+17,261.44,,41.813,33.713,0,0
1.6842,4.671e+05,1.241,688.26,2.1456,0,1.3058e+05,4.2567e+17,260.98,,41.886,33.786,0,0
1.677,4.6526e+05,1.2454,687.18,2.237,0,1.2978e+05,4.1434e+17,260.53,,41.959,33.859,0,0
1.6697,4.6343e+05,1.2499,686.09,2.3285,0,1.2898e+05,4.0301e+17,260.07,,42.033,33.932,0,0
1.6624,4.616e+05,1.2543,685,2.42,0,1.2818e+05,3.9167e+17,259.61,,42.106,34.006,0,0
1.6548,4.5969e+05,1.2591,683.84,2.4875,0,1.2735e+05,3.7993e+17,259.12,,42.179,34.079,0,0
1.6466,4.5766e+05,1.2645,682.55,2.5105,0,1.2647e+05,3.674e+17,258.57,,42.252,34.152,0,0
1.6385,4.5563e+05,1.2699,681.25,2.5334,0,1.2559e+05,3.5487e+17,258.03,,42.325,34.225,0,0
1.6303,4.536e+05,1.2753,679.95,2.5563,0,1.2471e+05,3.4234e+17,257.48,,42.398,34.298,0,0
1.6222,4.5156e+05,1.2807,678.65,2.5793,0,1.2382e+05,3.2981e+17,256.94,,42.471,34.371,0,0
1.614,4.4953e+05,1.2861,677.35,2.6022,0,1.2294e+05,3.1728e+17,256.39,,42.544,34.444,0,0
1.6059,4.475e+05,1.2915,676.05,2.6252,0,1.2206e+05,3.0475e+17,255.85,,42.617,34.517,0,0
1.5977,4.4547e+05,1.2969,674.76,2.6481,0,1.2118e+05,2.9222e+17,255.3,,42.69,34.59,0,0
1.5896,4.4343e+05,1.3023,673.46,2.671,0,1.203e+05,2.7969e+17,254.75,,42.764,34.664,0,0
1.5814,4.414e+05,1.3077,672.16,2.694,0,1.1941e+05,2.6716e+17,254.21,,42.837,34.737,0,0
1.5733,4.3937e+05,1.3131,670.86,2.7169,0,1.1853e+05,2.5463e+17,253.66,,42.91,34.81,0,0
1.565,4.3731e+05,1.3189,669.47,2.7273,0,1.1764e+05,2.42e+17,253.08,,42.983,34.883,0,0
1.5566,4.3523e+05,1.325,668.01,2.7292,0,1.1675e+05,2.2931e+17,252.48,,43.056,34.956,0,0
1.5482,4.3316e+05,1.331,666.55,2.7311,0,1.1585e+05,2.1662e+17,251.89,,43.129,35.029,0,0
1.5398,4.3108e+05,1.3371,665.1,2.733,0,1.1496e+05,2.0393e+17,251.29,,43.202,35.102,0,0
1.5315,4.29e+05,1.3431,663.64,2.7349,0,1.1407e+05,1.9124e+17,250.69,,43.275,35.175,0,0
1.5231,4.2693e+05,1.3492,662.18,2.7368,0,1.1317e+05,1.7854e+17,250.09,,43.348,35.248,0,0
1.5147,4.2485e+05,1.3553,660.73,2.7388,0,1.1228e+05,1.6585e+17,249.49,,43.421,35.321,0,0
1.5063,4.2277e+05,1.3613,659.27,2.7407,0,1.1139e+05,1.5316e+17,248.89,,43.494,35.395,0,0
1.498,4.207e+05,1.3674,657.81,2.7426,0,1.1049e+05,1.4047e+17,248.29,,43.568,35.468,0,0
1.4896,4.1862e+05,1.3734,656.36,2.7445,0,1.096e+05,1.2778e+17,247.69,,43.641,35.541,0,0
1.4812,4.1655e+05,1.3795,654.9,2.7464,0,1.087e+05,1.1509e+17,247.09,,43.714,35.614,0,0
1.4729,4.1448e+05,1.3858,653.3,2.7213,0,1.0783e+05,1.0267e+17,246.47,,43.787,35.687,0,0
1.4646,4.1241e+05,1.3923,651.67,2.6882,0,1.0696e+05,9.0341e+16,245.84,,43.86,35.76,0,0
1.4563,4.1034e+05,1.3987,650.03,2.6552,0,1.0609e+05,7.8009e+16,245.21,,43.933,35.833,0,0
1.448,4.0828e+05,1.4051,648.39,2.6221,0,1.0523e+05,6.5678e+16,244.59,,44.006,35.906,0,0
1.4397,4.0621e+05,1.4116,646.75,2.589,0,1.0436e+05,5.3347e+16,243.96,,44.079,35.979,0,0
1.4314,4.0414e+05,1.418,645.11,2.5559,0,1.0349e+05,4.1016e+16,243.33,,44.152,36.052,0,0
1.423,4.0208e+05,1.4244,643.47,2.5229,0,1.0262e+05,2.8685e+16,242.7,,44.226,36.125,0,0
1.4147,4.0001e+05,1.4309,641.83,2.4898,0,1.0175e+05,1.6353e+16,242.07,,44.299,36.199,0,0
1.4064,3.9795e+05,1.4373,640.2,2.4567,0,1.0088e+05,4.0227e+15,241.45,,44.372,36.272,0,0
1.3981,3.9588e+05,1.4438,638.56,2.4236,0,1.0001e+05,-8.3086e+15,240.82,,44.445,36.345,0,0
1.3898,3.9381e+05,1.4502,636.92,2.3906,0,99147,-2.064e+16,240.19,,44.518,36.418,0,0
1.3819,3.9182e+05,1.4567,635.18,2.3658,0,98331,-3.2216e+16,239.56,,44.591,36.491,0,0
1.374,3.8984e+05,1.4633,633.42,2.3422,0,97524,-4.368e+16,238.92,,44.664,36.564,0,0
1.3661,3.8786e+05,1.4698,631.66,2.3187,0,96717,-5.5145e+16,238.29,,44.737,36.637,0,0
1.3582,3.8588e+05,1.4763,629.91,2.2951,0,95909,-6.661e+16,237.65,,44.81,36.71,0,0
1.3504,3.8389e+05,1.4829,628.15,2.2715,0,95102,-7.8075e+16,237.02,,44.883,36.783,0,0
1.3425,3.8191e+05,1.4894,626.39,2.248,0,94295,-8.9539e+16,236.38,,44.956,36.856,0,0
1.3346,3.7993e+05,1.4959,624.63,2.2244,0,93487,-1.01e+17,235.75,,45.03,36.93,0,0
1.3267,3.7795e+05,1.5025,622.88,2.2009,0,92680,-1.1247e+17,235.11,,45.103,37.003,0,0
1.3188,3.7597e+05,1.509,621.12,2.1773,0,91873,-1.2393e+17,234.48,,45.176,37.076,0,0
1.311,3.7399e+05,1.5155,619.36,2.1537,0,91065,-1.354e+17,233.84,,45.249,37.149,0,0
1.3031,3.7201e+05,1.5221,617.6,2.1302,0,90258,-1.4686e+17,233.21,,45.322,37.222,0,0
1.2959,3.7019e+05,1.5284,615.86,2.1162,0,89536,-1.5711e+17,232.6,,45.395,37.295,0,0
1.2888,3.6839e+05,1.5348,614.12,2.1032,0,88824,-1.6722e+17,231.99,,45.468,37.368,0,0
1.2818,3.6659e+05,1.5411,612.37,2.0903,0,88112,-1.7733e+17,231.38,,45.541,37.441,0,0
1.2747,3.6479e+05,1.5474,610.63,2.0774,0,87400,-1.8744e+17,230.77,,45.614,37.514,0,0
1.2676,3.6299e+05,1.5538,608.89,2.0644,0,86688,-1.9756e+17,230.16,,45.688,37.588,0,0
1.2605,3.612e+05,1.5601,607.14,2.0515,0,85976,-2.0767e+17,229.55,,45.761,37.661,0,0
1.2534,3.594e+05,1.5664,605.4,2.0386,0,85264,-2.1778e+17,228.94,,45.834,37.734,0,0
1.2463,3.576e+05,1.5728,603.66,2.0256,0,84552,-2.2789e+17,228.33,,45.907,37.807,0,0
1.2393,3.558e+05,1.5791,601.92,2.0127,0,83840,-2.38e+17,227.72,,45.98,37.88,0,0
1.2322,3.54e+05,1.5854,600.17,1.9998,0,83128,-2.4811e+17,227.11,,46.053,37.953,0,0
1.2251,3.522e+05,1.5918,598.43,1.9868,0,82416,-2.5822e+17,226.5,,46.126,38.026,0,0
1.2191,3.5066e+05,1.5975,596.84,1.9582,0,81819,-2.667e+17,225.96,,46.199,38.099,0,0
1.2132,3.4916e+05,1.6031,595.28,1.9269,0,81242,-2.749e+17,225.43,,46.272,38.172,0,0
1.2073,3.4766e+05,1.6087,593.71,1.8955,0,80664,-2.831e+17,224.89,,46.345,38.245,0,0
1.2015,3.4616e+05,1.6143,592.15,1.8642,0,80087,-2.9129e+17,224.36,,46.419,38.319,0,0
1.1956,3.4466e+05,1.6199,590.58,1.8329,0,79510,-2.9949e+17,223.83,,46.492,38.392,0,0
1.1898,3.4316e+05,1.6255,589.02,1.8015,0,78933,-3.0769e+17,223.29,,46.565,38.465,0,0
1.1839,3.4166e+05,1.6312,587.46,1.7702,0,78355,-3.1588e+17,222.76,,46.638,38.538,0,0
1.1781,3.4016e+05,1.6368,585.89,1.7388,0,77778,-3.2408e+17,222.23,,46.711,38.611,0,0
1.1722,3.3866e+05,1.6424,584.33,1.7075,0,77201,-3.3228e+17,221.69,,46.784,38.684,0,0
1.1664,3.3716e+05,1.648,582.77,1.6762,0,76624,-3.4048e+17,221.16,,46.857,38.757,0,0
1.1605,3.3566e+05,1.6536,581.2,1.6448,0,76046,-3.4867e+17,220.63,,46.93,38.83,0,0
1.1562,3.3456e+05,1.6581,580.06,1.6058,0,75621,-3.5471e+17,220.2,,47.003,38.903,0,0
1.1525,3.3362e+05,1.6621,579.09,1.564,0,75252,-3.5995e+17,219.82,,47.076,38.976,0,0
1.1489,3.3267e+05,1.6662,578.11,1.5222,0,74884,-3.6519e+17,219.44,,47.149,39.049,0,0
1.1452,3.3172e+05,1.6702,577.13,1.4804,0,74515,-3.7043e+17,219.05,,47.223,39.123,0,0
1.1415,3.3078e+05,1.6743,576.15,1.4385,0,74146,-3.7566e+17,218.67,,47.296,39.196,0,0
1.1378,3.2983e+05,1.6783,575.17,1.3967,0,73777,-3.809e+17,218.28,,47.369,39.269,0,0
1.1341,3.2888e+05,1.6824,574.19,1.3549,0,73408,-3.8614e+17,217.9,,47.442,39.342,0,0
1.1304,3.2794e+05,1.6864,573.21,1.3131,0,73039,-3.9138e+17,217.51,,47.515,39.415,0,0
1.1267,3.2699e+05,1.6905,572.23,1.2713,0,72670,-3.9661e+17,217.13,,47.588,39.488,0,0
1.1231,3.2604e+05,1.6945,571.25,1.2294,0,72302,-4.0185e+17,216.75,,47.661,39.561,0,0
1.1194,3.251e+05,1.6986,570.27,1.1876,0,71933,-4.0709e+17,216.36,,47.734,39.634,0,0
1.1172,3.2456e+05,1.7018,569.87,1.148,0,71689,-4.1056e+17,216.05,,47.807,39.707,0,0
1.1164,3.2438e+05,1.7044,569.97,1.1102,0,71554,-4.1246e+17,215.8,,47.881,39.78,0,0
1.1156,3.2421e+05,1.707,570.08,1.0725,0,71420,-4.1437e+17,215.55,,47.954,39.854,0,0
1.1148,3.2403e+05,1.7095,570.19,1.0347,0,71286,-4.1628e+17,215.29,,48.027,39.927,0,0
1.114,3.2386e+05,1.7121,570.29,0.99697,0,71151,-4.1818e+17,215.04,,48.1,40,0,0
1.1132,3.2368e+05,1.7146,570.4,0.95922,0,71017,-4.2009e+17,214.79,,48.173,40.073,0,0
1.1124,3.235e+05,1.7172,570.5,0.92147,0,70883,-4.22e+17,214.54,,48.246,40.146,0,0
1.1116,3.2333e+05,1.7197,570.61,0.88372,0,70749,-4.2391e+17,214.29,,48.319,40.219,0,0
1.1108,3.2315e+05,1.7223,570.71,0.84597,0,70614,-4.2581e+17,214.04,,48.392,40.292,0,0
1.11,3.2297e+05,1.7249,570.82,0.80822,0,70480,-4.2772e+17,213.79,,48.465,40.365,0,0
1.1092,3.228e+05,1.7274,570.93,0.77047,0,70346,-4.2963e+17,213.53,,48.538,40.438,0,0
1.1087,3.2268e+05,1.7297,571.11,0.72094,0,70236,-4.3119e+17,213.3,,48.612,40.512,0,0
1.1091,3.2274e+05,1.7311,571.52,0.63781,0,70195,-4.3177e+17,213.1,,48.685,40.585,0,0
1.1095,3.2279e+05,1.7326,571.92,0.55468,0,70154,-4.3235e+17,212.9,,48.758,40.658,0,0
1.1099,3.2285e+05,1.734,572.33,0.47155,0,70113,-4.3292e+17,212.7,,48.831,40.731,0,0
1.1103,3.2291e+05,1.7354,572.73,0.38842,0,70073,-4.335e+17,212.51,,48.904,40.804,0,0
1.1106,3.2296e+05,1.7369,573.14,0.3053,0,70032,-4.3408e+17,212.31,,48.977,40.877,0,0
1.111,3.2302e+05,1.7383,573.55,0.22217,0,69991,-4.3466e+17,212.11,,49.05,40.95,0,0
1.1114,3.2308e+05,1.7397,573.95,0.13904,0,69950,-4.3524e+17,211.91,,49.123,41.023,0,0
1.1118,3.2313e+05,1.7412,574.36,0.055911,0,69910,-4.3582e+17,211.72,,49.196,41.096,0,0
1.1122,3.2319e+05,1.7426,574.77,-0.027219,0,69869,-4.364e+17,211.52,,49.269,41.169,0,0
1.1126,3.2325e+05,1.744,575.17,-0.11035,0,69828,-4.3697e+17,211.32,,49.342,41.243,0,0
1.113,3.233e+05,1.7455,575.58,-0.19348,0,69787,-4.3755e+17,211.13,,49.416,41.316,0,0
1.1148,3.2379e+05,1.7442,576.26,-0.35895,0,69942,-4.3536e+17,211.24,,49.489,41.389,0,0
1.1168,3.2432e+05,1.7426,576.96,-0.53247,0,70115,-4.329e+17,211.38,,49.562,41.462,0,0
1.1188,3.2486e+05,1.7411,577.66,-0.70599,0,70288,-4.3045e+17,211.53,,49.635,41.535,0,0
1.1208,3.2539e+05,1.7395,578.37,-0.8795,0,70461,-4.2799e+17,211.67,,49.708,41.608,0,0
1.1227,3.2592e+05,1.738,579.07,-1.053,0,70634,-4.2553e+17,211.82,,49.781,41.681,0,0
1.1247,3.2645e+05,1.7364,579.77,-1.2265,0,70808,-4.2307e+17,211.97,,49.854,41.754,0,0
1.1267,3.2699e+05,1.7349,580.48,-1.4,0,70981,-4.2061e+17,212.11,,49.927,41.827,0,0
1.1287,3.2752e+05,1.7333,581.18,-1.5735,0,71154,-4.1815e+17,212.26,,50,41.9,0,0
1.1307,3.2805e+05,1.7318,581.88,-1.7471,0,71327,-4.1569e+17,212.4,,50.074,41.973,0,0
1.1326,3.2858e+05,1.7303,582.58,-1.9206,0,71500,-4.1323e+17,212.55,,50.147,42.047,0,0
1.1346,3.2911e+05,1.7287,583.29,-2.0941,0,71674,-4.1077e+17,212.69,,50.22,42.12,0,0
1.1379,3.2998e+05,1.726,584.39,-2.2813,0,71968,-4.0659e+17,212.94,,50.293,42.193,0,0
1.1427,3.3121e+05,1.7221,585.93,-2.4833,0,72391,-4.0058e+17,213.29,,50.366,42.266,0,0
1.1474,3.3244e+05,1.7182,587.47,-2.6853,0,72815,-3.9456e+17,213.64,,50.439,42.339,0,0
1.1521,3.3367e+05,1.7143,589.01,-2.8873,0,73239,-3.8855e+17,213.99,,50.512,42.412,0,0
1.1569,3.349e+05,1.7104,590.55,-3.0893,0,73662,-3.8253e+17,214.34,,50.585,42.485,0,0
1.1616,3.3613e+05,1.7065,592.09,-3.2912,0,74086,-3.7651e+17,214.7,,50.658,42.558,0,0
1.1663,3.3736e+05,1.7026,593.63,-3.4932,0,74510,-3.705e+17,215.05,,50.731,42.631,0,0
1.1711,3.3859e+05,1.6987,595.17,-3.6952,0,74933,-3.6448e+17,215.4,,50.804,42.704,0,0
1.1758,3.3982e+05,1.6948,596.71,-3.8972,0,75357,-3.5846e+17,215.75,,50.878,42.778,0,0
1.1805,3.4105e+05,1.6909,598.25,-4.0992,0,75781,-3.5245e+17,216.11,,50.951,42.851,0,0
1.1853,3.4228e+05,1.6869,599.79,-4.3012,0,76204,-3.4643e+17,216.46,,51.024,42.924,0,0
1.19,3.4351e+05,1.683,601.33,-4.5031,0,76628,-3.4042e+17,216.81,,51.097,42.997,0,0
1.1984,3.4567e+05,1.6765,603.91,-4.6647,0,77397,-3.295e+17,217.4,,51.17,43.07,0,0
1.207,3.4787e+05,1.6699,606.53,-4.8251,0,78175,-3.1844e+17,218,,51.243,43.143,0,0
1.2155,3.5006e+05,1.6634,609.15,-4.9856,0,78954,-3.0739e+17,218.59,,51.316,43.216,0,0
1.2241,3.5225e+05,1.6568,611.76,-5.146,0,79732,-2.9633e+17,219.19,,51.389,43.289,0,0
1.2326,3.5444e+05,1.6502,614.38,-5.3064,0,80511,-2.8528e+17,219.79,,51.462,43.362,0,0
1.2412,3.5663e+05,1.6436,617,-5.4669,0,81289,-2.7422e+17,220.38,,51.535,43.436,0,0
1.2497,3.5882e+05,1.637,619.61,-5.6273,0,82068,-2.6316e+17,220.98,,51.609,43.509,0,0
1.2583,3.6101e+05,1.6304,622.23,-5.7877,0,82846,-2.5211e+17,221.57,,51.682,43.582,0,0
1.2668,3.632e+05,1.6239,624.85,-5.9482,0,83625,-2.4105e+17,222.17,,51.755,43.655,0,0
1.2753,3.6539e+05,1.6173,627.46,-6.1086,0,84404,-2.3e+17,222.77,,51.828,43.728,0,0
1.2839,3.6759e+05,1.6107,630.08,-6.269,0,85182,-2.1894e+17,223.36,,51.901,43.801,0,0
1.2939,3.7016e+05,1.6032,632.99,-6.3752,0,86119,-2.0563e+17,224.06,,51.974,43.874,0,0
1.3064,3.7333e+05,1.5942,636.39,-6.3948,0,87310,-1.8873e+17,224.91,,52.047,43.947,0,0
1.3188,3.7651e+05,1.5852,639.78,-6.4145,0,88500,-1.7182e+17,225.77,,52.12,44.02,0,0
1.3313,3.7968e+05,1.5761,643.18,-6.4341,0,89691,-1.5492e+17,226.62,,52.193,44.093,0,0
1.3437,3.8286e+05,1.5671,646.57,-6.4538,0,90881,-1.3802e+17,227.48,,52.267,44.167,0,0
1.3561,3.8603e+05,1.5581,649.97,-6.4734,0,92071,-1.2111e+17,228.33,,52.34,44.24,0,0
1.3686,3.8921e+05,1.5491,653.36,-6.4931,0,93262,-1.0421e+17,229.18,,52.413,44.313,0,0
1.381,3.9239e+05,1.5401,656.76,-6.5127,0,94452,-8.7303e+16,230.04,,52.486,44.386,0,0
1.3935,3.9556e+05,1.5311,660.15,-6.5324,0,95643,-7.0399e+16,230.89,,52.559,44.459,0,0
1.4059,3.9874e+05,1.5221,663.55,-6.5521,0,96833,-5.3495e+16,231.75,,52.632,44.532,0,0
1.4183,4.0191e+05,1.5131,666.94,-6.5717,0,98023,-3.6591e+16,232.6,,52.705,44.605,0,0
1.4308,4.0509e+05,1.5041,670.34,-6.5914,0,99214,-1.9687e+16,233.45,,52.778,44.678,0,0
1.4441,4.0847e+05,1.4953,673.67,-6.5251,0,1.0052e+05,-1.1557e+15,234.31,,52.851,44.751,0,0
1.4577,4.1194e+05,1.4866,676.98,-6.4255,0,1.0187e+05,1.8004e+16,235.16,,52.924,44.824,0,0
1.4713,4.154e+05,1.4779,680.29,-6.326,0,1.0322e+05,3.7165e+16,236.01,,52.997,44.897,0,0
1.485,4.1886e+05,1.4692,683.61,-6.2264,0,1.0457e+05,5.6326e+16,236.86,,53.071,44.971,0,0
1.4986,4.2233e+05,1.4605,686.92,-6.1269,0,1.0592e+05,7.5487e+16,237.71,,53.144,45.044,0,0
1.5122,4.2579e+05,1.4518,690.23,-6.0273,0,1.0727e+05,9.4647e+16,238.56,,53.217,45.117,0,0
1.5258,4.2926e+05,1.4431,693.54,-5.9278,0,1.0861e+05,1.1381e+17,239.42,,53.29,45.19,0,0
1.5395,4.3272e+05,1.4344,696.85,-5.8282,0,1.0996e+05,1.3297e+17,240.27,,53.363,45.263,0,0
1.5531,4.3618e+05,1.4257,700.16,-5.7287,0,1.1131e+05,1.5213e+17,241.12,,53.436,45.336,0,0
1.5667,4.3965e+05,1.417,703.47,-5.6291,0,1.1266e+05,1.7129e+17,241.97,,53.509,45.409,0,0
1.5804,4.4311e+05,1.4083,706.78,-5.5296,0,1.1401e+05,1.9045e+17,242.82,,53.582,45.482,0,0
1.594,4.4658e+05,1.3996,710.09,-5.43,0,1.1536e+05,2.0961e+17,243.68,,53.655,45.555,0,0
1.6043,4.4925e+05,1.3951,712.93,-5.3278,0,1.1633e+05,2.2342e+17,244.12,,53.729,45.628,0,0
1.6146,4.5191e+05,1.3907,715.75,-5.2256,0,1.173e+05,2.371e+17,244.55,,53.802,45.702,0,0
1.6249,4.5457e+05,1.3863,718.58,-5.1233,0,1.1826e+05,2.5079e+17,244.99,,53.875,45.775,0,0
1.6351,4.5723e+05,1.3819,721.4,-5.021,0,1.1922e+05,2.6448e+17,245.42,,53.948,45.848,0,0
1.6454,4.5989e+05,1.3775,724.23,-4.9188,0,1.2019e+05,2.7816e+17,245.85,,54.021,45.921,0,0
1.6556,4.6255e+05,1.3731,727.05,-4.8165,0,1.2115e+05,2.9185e+17,246.29,,54.094,45.994,0,0
1.6659,4.6521e+05,1.3687,729.88,-4.7143,0,1.2212e+05,3.0553e+17,246.72,,54.167,46.067,0,0
1.6762,4.6787e+05,1.3643,732.7,-4.612,0,1.2308e+05,3.1922e+17,247.16,,54.24,46.14,0,0
1.6864,4.7053e+05,1.36,735.53,-4.5097,0,1.2404e+05,3.3291e+17,247.59,,54.313,46.213,0,0
1.6967,4.7319e+05,1.3556,738.35,-4.4075,0,1.2501e+05,3.4659e+17,248.02,,54.386,46.286,0,0
1.7069,4.7585e+05,1.3512,741.18,-4.3052,0,1.2597e+05,3.6028e+17,248.46,,54.46,46.36,0,0
1.7166,4.7838e+05,1.3474,743.96,-4.1965,0,1.2686e+05,3.7296e+17,248.84,,54.533,46.433,0,0
1.7229,4.802e+05,1.3469,746.56,-4.0533,0,1.2738e+05,3.8024e+17,248.93,,54.606,46.506,0,0
1.7292,4.8201e+05,1.3465,749.16,-3.9101,0,1.2789e+05,3.8752e+17,249.02,,54.679,46.579,0,0
1.7355,4.8383e+05,1.346,751.75,-3.7669,0,1.284e+05,3.9481e+17,249.1,,54.752,46.652,0,0
1.7418,4.8564e+05,1.3455,754.35,-3.6237,0,1.2892e+05,4.0209e+17,249.19,,54.825,46.725,0,0
1.7481,4.8746e+05,1.345,756.95,-3.4805,0,1.2943e+05,4.0937e+17,249.28,,54.898,46.798,0,0
1.7544,4.8927e+05,1.3446,759.54,-3.3373,0,1.2994e+05,4.1665e+17,249.37,,54.971,46.871,0,0
1.7607,4.9109e+05,1.3441,762.14,-3.1941,0,1.3045e+05,4.2393e+17,249.46,,55.044,46.944,0,0
1.767,4.929e+05,1.3436,764.73,-3.0509,0,1.3097e+05,4.3122e+17,249.55,,55.117,47.017,0,0
1.7733,4.9472e+05,1.3431,767.33,-2.9077,0,1.3148e+05,4.385e+17,249.64,,55.19,47.09,0,0
1.7796,4.9653e+05,1.3427,769.93,-2.7645,0,1.3199e+05,4.4578e+17,249.73,,55.264,47.164,0,0
1.7859,4.9835e+05,1.3422,772.52,-2.6213,0,1.325e+05,4.5306e+17,249.82,,55.337,47.237,0,0
1.7907,4.9979e+05,1.3419,774.57,-2.4775,0,1.3291e+05,4.588e+17,249.9,,55.41,47.31,0,0
1.7915,5.0015e+05,1.3419,775.04,-2.3321,0,1.33e+05,4.6007e+17,249.96,,55.483,47.383,0,0
1.7922,5.005e+05,1.342,775.5,-2.1867,0,1.3309e+05,4.6133e+17,250.03,,55.556,47.456,0,0
1.793,5.0086e+05,1.3421,775.97,-2.0414,0,1.3318e+05,4.626e+17,250.09,,55.629,47.529,0,0
1.7937,5.0121e+05,1.3422,776.43,-1.896,0,1.3326e+05,4.6386e+17,250.16,,55.702,47.602,0,0
1.7944,5.0157e+05,1.3423,776.9,-1.7506,0,1.3335e+05,4.6512e+17,250.22,,55.775,47.675,0,0
1.7952,5.0192e+05,1.3423,777.36,-1.6052,0,1.3344e+05,4.6639e+17,250.29,,55.848,47.748,0,0
1.7959,5.0227e+05,1.3424,777.83,-1.4599,0,1.3353e+05,4.6765e+17,250.35,,55.922,47.821,0,0
1.7966,5.0263e+05,1.3425,778.29,-1.3145,0,1.3362e+05,4.6891e+17,250.41,,55.995,47.895,0,0
1.7974,5.0298e+05,1.3426,778.76,-1.1691,0,1.3371e+05,4.7018e+17,250.48,,56.068,47.968,0,0
1.7981,5.0334e+05,1.3427,779.22,-1.0237,0,1.338e+05,4.7144e+17,250.54,,56.141,48.041,0,0
1.7988,5.0369e+05,1.3427,779.69,-0.87837,0,1.3389e+05,4.727e+17,250.61,,56.214,48.114,0,0
1.7987,5.0379e+05,1.3433,779.93,-0.70681,0,1.3388e+05,4.7257e+17,250.61,,56.287,48.187,0,0
1.7962,5.0317e+05,1.3451,779.57,-0.46305,0,1.336e+05,4.6856e+17,250.43,,56.36,48.26,0,0
1.7936,5.0255e+05,1.3468,779.21,-0.2193,0,1.3331e+05,4.6456e+17,250.26,,56.433,48.333,0,0
1.7911,5.0193e+05,1.3486,778.86,0.024459,0,1.3303e+05,4.6056e+17,250.08,,56.506,48.406,0,0
1.7885,5.0131e+05,1.3504,778.5,0.26822,0,1.3275e+05,4.5655e+17,249.9,,56.579,48.479,0,0
1.786,5.0069e+05,1.3522,778.14,0.51198,0,1.3247e+05,4.5255e+17,249.73,,56.653,48.553,0,0
1.7834,5.0007e+05,1.354,777.78,0.75573,0,1.3219e+05,4.4854e+17,249.55,,56.726,48.626,0,0
1.7809,4.9945e+05,1.3558,777.42,0.99949,0,1.319e+05,4.4454e+17,249.37,,56.799,48.699,0,0
1.7783,4.9883e+05,1.3575,777.06,1.2432,0,1.3162e+05,4.4054e+17,249.2,,56.872,48.772,0,0
1.7758,4.9821e+05,1.3593,776.7,1.487,0,1.3134e+05,4.3653e+17,249.02,,56.945,48.845,0,0
1.7733,4.976e+05,1.3611,776.34,1.7308,0,1.3106e+05,4.3253e+17,248.84,,57.018,48.918,0,0
1.7707,4.9698e+05,1.3629,775.99,1.9745,0,1.3078e+05,4.2852e+17,248.67,,57.091,48.991,0,0
1.7676,4.962e+05,1.365,775.48,2.2017,0,1.3043e+05,4.2364e+17,248.46,,57.164,49.064,0,0
1.7618,4.9477e+05,1.3685,774.36,2.3614,0,1.2984e+05,4.1517e+17,248.11,,57.237,49.137,0,0
1.7561,4.9335e+05,1.3721,773.25,2.521,0,1.2924e+05,4.067e+17,247.76,,57.31,49.21,0,0
1.7504,4.9192e+05,1.3756,772.13,2.6807,0,1.2864e+05,3.9823e+17,247.41,,57.383,49.284,0,0
1.7447,4.905e+05,1.3791,771.02,2.8403,0,1.2805e+05,3.8975e+17,247.07,,57.457,49.357,0,0
1.739,4.8907e+05,1.3827,769.9,2.9999,0,1.2745e+05,3.8128e+17,246.72,,57.53,49.43,0,0
1.7333,4.8765e+05,1.3862,768.79,3.1596,0,1.2685e+05,3.7281e+17,246.37,,57.603,49.503,0,0
1.7276,4.8622e+05,1.3897,767.67,3.3192,0,1.2626e+05,3.6433e+17,246.02,,57.676,49.576,0,0
1.7219,4.848e+05,1.3932,766.56,3.4789,0,1.2566e+05,3.5586e+17,245.67,,57.749,49.649,0,0
1.7162,4.8337e+05,1.3968,765.44,3.6385,0,1.2506e+05,3.4739e+17,245.33,,57.822,49.722,0,0
1.7105,4.8195e+05,1.4003,764.33,3.7982,0,1.2447e+05,3.3892e+17,244.98,,57.895,49.795,0,0
1.7048,4.8052e+05,1.4038,763.21,3.9578,0,1.2387e+05,3.3044e+17,244.63,,57.968,49.868,0,0
1.699,4.7907e+05,1.4074,762.07,4.1125,0,1.2326e+05,3.2184e+17,244.28,,58.041,49.941,0,0
1.6912,4.771e+05,1.4124,760.33,4.1671,0,1.2246e+05,3.1048e+17,243.79,,58.115,50.014,0,0
1.6833,4.7512e+05,1.4173,758.6,4.2216,0,1.2166e+05,2.9913e+17,243.31,,58.188,50.088,0,0
1.6755,4.7314e+05,1.4223,756.86,4.2762,0,1.2087e+05,2.8777e+17,242.82,,58.261,50.161,0,0
1.6677,4.7116e+05,1.4272,755.12,4.3307,0,1.2007e+05,2.7642e+17,242.34,,58.334,50.234,0,0
1.6598,4.6919e+05,1.4322,753.38,4.3853,0,1.1927e+05,2.6507e+17,241.85,,58.407,50.307,0,0
1.652,4.6721e+05,1.4371,751.65,4.4399,0,1.1847e+05,2.5371e+17,241.37,,58.48,50.38,0,0
1.6442,4.6523e+05,1.442,749.91,4.4944,0,1.1767e+05,2.4236e+17,240.88,,58.553,50.453,0,0
1.6363,4.6325e+05,1.447,748.17,4.549,0,1.1687e+05,2.31e+17,240.4,,58.626,50.526,0,0
1.6285,4.6128e+05,1.4519,746.44,4.6035,0,1.1607e+05,2.1965e+17,239.91,,58.699,50.599,0,0
1.6206,4.593e+05,1.4569,744.7,4.6581,0,1.1527e+05,2.083e+17,239.43,,58.772,50.672,0,0
1.6128,4.5732e+05,1.4618,742.96,4.7126,0,1.1447e+05,1.9694e+17,238.94,,58.845,50.745,0,0
1.605,4.5534e+05,1.4668,741.22,4.7672,0,1.1367e+05,1.8559e+17,238.46,,58.919,50.819,0,0
1.5966,4.532e+05,1.4723,739.18,4.7524,0,1.1283e+05,1.7366e+17,237.92,,58.992,50.892,0,0
1.588,4.5103e+05,1.478,737.06,4.7221,0,1.1198e+05,1.6161e+17,237.37,,59.065,50.965,0,0
1.5795,4.4886e+05,1.4836,734.95,4.6917,0,1.1113e+05,1.4956e+17,236.82,,59.138,51.038,0,0
1.571,4.4668e+05,1.4893,732.84,4.6614,0,1.1028e+05,1.375e+17,236.27,,59.211,51.111,0,0
1.5624,4.4451e+05,1.4949,730.72,4.6311,0,1.0943e+05,1.2545e+17,235.72,,59.284,51.184,0,0
1.5539,4.4233e+05,1.5006,728.61,4.6007,0,1.0859e+05,1.134e+17,235.17,,59.357,51.257,0,0
1.5454,4.4016e+05,1.5063,726.49,4.5704,0,1.0774e+05,1.0134e+17,234.62,,59.43,51.33,0,0
1.5368,4.3798e+05,1.5119,724.38,4.5401,0,1.0689e+05,8.929e+16,234.07,,59.503,51.403,0,0
1.5283,4.3581e+05,1.5176,722.27,4.5098,0,1.0604e+05,7.7237e+16,233.52,,59.576,51.477,0,0
1.5198,4.3363e+05,1.5232,720.15,4.4794,0,1.0519e+05,6.5184e+16,232.97,,59.65,51.55,0,0
1.5112,4.3146e+05,1.5289,718.04,4.4491,0,1.0434e+05,5.3131e+16,232.42,,59.723,51.623,0,0
1.5027,4.2929e+05,1.5346,715.93,4.4188,0,1.0349e+05,4.1077e+16,231.87,,59.796,51.696,0,0
1.4945,4.2718e+05,1.5402,713.79,4.3696,0,1.0268e+05,2.9577e+16,231.32,,59.869,51.769,0,0
1.4866,4.2514e+05,1.5459,711.64,4.302,0,1.0191e+05,1.862e+16,230.78,,59.942,51.842,0,0
1.4786,4.231e+05,1.5516,709.5,4.2345,0,1.0114e+05,7.6617e+15,230.23,,60.015,51.915,0,0
1.4707,4.2106e+05,1.5572,707.35,4.1669,0,1.0037e+05,-3.296e+15,229.69,,60.088,51.988,0,0
1.4628,4.1902e+05,1.5629,705.2,4.0993,0,99596,-1.4253e+16,229.15,,60.161,52.061,0,0
1.4548,4.1698e+05,1.5685,703.05,4.0317,0,98825,-2.5211e+16,228.6,,60.234,52.134,0,0
1.4469,4.1494e+05,1.5742,700.9,3.9641,0,98053,-3.6169e+16,228.06,,60.308,52.208,0,0
1.439,4.129e+05,1.5799,698.75,3.8966,0,97281,-4.7127e+16,227.52,,60.381,52.281,0,0
1.431,4.1086e+05,1.5855,696.6,3.829,0,96510,-5.8084e+16,226.97,,60.454,52.354,0,0
1.4231,4.0882e+05,1.5912,694.45,3.7614,0,95738,-6.9041e+16,226.43,,60.527,52.427,0,0
1.4152,4.0678e+05,1.5969,692.3,3.6938,0,94966,-7.9999e+16,225.88,,60.6,52.5,0,0
1.4072,4.0474e+05,1.6025,690.16,3.6263,0,94195,-9.0956e+16,225.34,,60.673,52.573,0,0
1.3995,4.0273e+05,1.6081,688.03,3.5583,0,93438,-1.017e+17,224.8,,60.746,52.646,0,0
1.3929,4.0104e+05,1.6132,686.14,3.4875,0,92814,-1.1057e+17,224.32,,60.819,52.719,0,0
1.3864,3.9935e+05,1.6183,684.25,3.4167,0,92190,-1.1943e+17,223.85,,60.892,52.792,0,0
1.3798,3.9766e+05,1.6233,682.36,3.3459,0,91566,-1.2829e+17,223.37,,60.965,52.865,0,0
1.3733,3.9596e+05,1.6284,680.46,3.2751,0,90942,-1.3715e+17,222.89,,61.038,52.938,0,0
1.3668,3.9427e+05,1.6335,678.57,3.2043,0,90318,-1.4602e+17,222.41,,61.112,53.012,0,0
1.3602,3.9258e+05,1.6385,676.68,3.1335,0,89693,-1.5488e+17,221.93,,61.185,53.085,0,0
1.3537,3.9089e+05,1.6436,674.79,3.0626,0,89069,-1.6374e+17,221.45,,61.258,53.158,0,0
1.3472,3.8919e+05,1.6487,672.89,2.9918,0,88445,-1.726e+17,220.97,,61.331,53.231,0,0
1.3406,3.875e+05,1.6537,671,2.921,0,87821,-1.8147e+17,220.49,,61.404,53.304,0,0
1.3341,3.8581e+05,1.6588,669.11,2.8502,0,87197,-1.9033e+17,220.01,,61.477,53.377,0,0
1.3276,3.8412e+05,1.6639,667.22,2.7794,0,86573,-1.9919e+17,219.53,,61.55,53.45,0,0
1.321,3.8242e+05,1.6689,665.32,2.7086,0,85949,-2.0805e+17,219.06,,61.623,53.523,0,0
1.3156,3.8102e+05,1.6733,663.72,2.6411,0,85439,-2.153e+17,218.65,,61.696,53.596,0,0
1.311,3.798e+05,1.6771,662.3,2.5759,0,85000,-2.2153e+17,218.29,,61.77,53.669,0,0
1.3063,3.7859e+05,1.681,660.87,2.5106,0,84561,-2.2776e+17,217.92,,61.843,53.743,0,0
1.3016,3.7737e+05,1.6849,659.45,2.4453,0,84123,-2.3399e+17,217.56,,61.916,53.816,0,0
1.297,3.7615e+05,1.6887,658.02,2.38,0,83684,-2.4022e+17,217.2,,61.989,53.889,0,0
1.2923,3.7493e+05,1.6926,656.6,2.3147,0,83245,-2.4645e+17,216.84,,62.062,53.962,0,0
1.2876,3.7371e+05,1.6965,655.17,2.2494,0,82807,-2.5268e+17,216.48,,62.135,54.035,0,0
1.283,3.725e+05,1.7003,653.75,2.1842,0,82368,-2.5891e+17,216.11,,62.208,54.108,0,0
1.2783,3.7128e+05,1.7042,652.32,2.1189,0,81929,-2.6513e+17,215.75,,62.281,54.181,0,0
1.2736,3.7006e+05,1.7081,650.9,2.0536,0,81490,-2.7136e+17,215.39,,62.354,54.254,0,0
1.269,3.6884e+05,1.7119,649.48,1.9883,0,81052,-2.7759e+17,215.03,,62.427,54.327,0,0
1.2643,3.6762e+05,1.7158,648.05,1.923,0,80613,-2.8382e+17,214.67,,62.501,54.401,0,0
1.2598,3.6643e+05,1.7196,646.65,1.8588,0,80185,-2.8991e+17,214.31,,62.574,54.474,0,0
1.2572,3.6574e+05,1.7213,645.73,1.8152,0,79963,-2.9305e+17,214.15,,62.647,54.547,0,0
1.2547,3.6505e+05,1.723,644.81,1.7716,0,79742,-2.9619e+17,213.98,,62.72,54.62,0,0
1.2522,3.6436e+05,1.7247,643.89,1.7281,0,79521,-2.9933e+17,213.82,,62.793,54.693,0,0
1.2496,3.6367e+05,1.7264,642.97,1.6845,0,79300,-3.0247e+17,213.66,,62.866,54.766,0,0
1.2471,3.6298e+05,1.7281,642.05,1.641,0,79079,-3.0561e+17,213.49,,62.939,54.839,0,0
1.2446,3.6229e+05,1.7298,641.13,1.5974,0,78858,-3.0875e+17,213.33,,63.012,54.912,0,0
1.242,3.6159e+05,1.7315,640.21,1.5538,0,78637,-3.1189e+17,213.16,,63.085,54.985,0,0
1.2395,3.609e+05,1.7332,639.29,1.5103,0,78416,-3.1503e+17,213,,63.158,55.058,0,0
1.237,3.6021e+05,1.7349,638.37,1.4667,0,78194,-3.1817e+17,212.83,,63.231,55.132,0,0
1.2344,3.5952e+05,1.7366,637.45,1.4231,0,77973,-3.2131e+17,212.67,,63.305,55.205,0,0
1.2319,3.5883e+05,1.7383,636.53,1.3796,0,77752,-3.2445e+17,212.51,,63.378,55.278,0,0
1.2294,3.5814e+05,1.74,635.61,1.336,0,77531,-3.2759e+17,212.34,,63.451,55.351,0,0
1.2276,3.5764e+05,1.7411,634.92,1.2981,0,77379,-3.2975e+17,212.23,,63.524,55.424,0,0
1.227,3.5744e+05,1.7412,634.6,1.2686,0,77331,-3.3043e+17,212.21,,63.597,55.497,0,0
1.2264,3.5723e+05,1.7413,634.27,1.2391,0,77283,-3.3111e+17,212.18,,63.67,55.57,0,0
1.2257,3.5703e+05,1.7413,633.95,1.2097,0,77236,-3.3179e+17,212.16,,63.743,55.643,0,0
1.2251,3.5682e+05,1.7414,633.63,1.1802,0,77188,-3.3246e+17,212.14,,63.816,55.716,0,0
1.2245,3.5662e+05,1.7415,633.3,1.1507,0,77140,-3.3314e+17,212.11,,63.889,55.789,0,0
1.2239,3.5642e+05,1.7416,632.98,1.1213,0,77093,-3.3382e+17,212.09,,63.963,55.862,0,0
1.2233,3.5621e+05,1.7417,632.65,1.0918,0,77045,-3.3449e+17,212.06,,64.036,55.936,0,0
1.2226,3.5601e+05,1.7418,632.33,1.0624,0,76997,-3.3517e+17,212.04,,64.109,56.009,0,0
1.222,3.558e+05,1.7419,632,1.0329,0,76950,-3.3585e+17,212.02,,64.182,56.082,0,0
1.2214,3.556e+05,1.7419,631.68,1.0034,0,76902,-3.3652e+17,211.99,,64.255,56.155,0,0
1.2208,3.5539e+05,1.742,631.35,0.97397,0,76854,-3.372e+17,211.97,,64.328,56.228,0,0
1.2202,3.5519e+05,1.7421,631.03,0.94451,0,76807,-3.3788e+17,211.94,,64.401,56.301,0,0
1.2203,3.5519e+05,1.7419,631.04,0.86686,0,76814,-3.3777e+17,211.94,,64.474,56.374,0,0
1.2209,3.5531e+05,1.7416,631.23,0.76327,0,76852,-3.3723e+17,211.94,,64.547,56.447,0,0
1.2214,3.5543e+05,1.7413,631.41,0.65968,0,76889,-3.367e+17,211.95,,64.62,56.52,0,0
1.222,3.5554e+05,1.741,631.6,0.5561,0,76927,-3.3617e+17,211.96,,64.693,56.593,0,0
1.2226,3.5566e+05,1.7407,631.79,0.45251,0,76964,-3.3564e+17,211.96,,64.767,56.667,0,0
1.2231,3.5577e+05,1.7404,631.98,0.34892,0,77002,-3.351e+17,211.97,,64.84,56.74,0,0
1.2237,3.5589e+05,1.7401,632.16,0.24533,0,77040,-3.3457e+17,211.98,,64.913,56.813,0,0
1.2242,3.5601e+05,1.7398,632.35,0.14174,0,77077,-3.3404e+17,211.98,,64.986,56.886,0,0
1.2248,3.5612e+05,1.7395,632.54,0.038154,0,77115,-3.3351e+17,211.99,,65.059,56.959,0,0
1.2254,3.5624e+05,1.7392,632.73,-0.065436,0,77152,-3.3297e+17,212,,65.132,57.032,0,0
1.2259,3.5635e+05,1.7389,632.91,-0.16903,0,77190,-3.3244e+17,212,,65.205,57.105,0,0
1.2265,3.5647e+05,1.7386,633.1,-0.27261,0,77227,-3.3191e+17,212.01,,65.278,57.178,0,0
1.227,3.5659e+05,1.7383,633.29,-0.3762,0,77265,-3.3137e+17,212.01,,65.351,57.251,0,0
1.2291,3.5712e+05,1.7367,633.99,-0.54384,0,77445,-3.2881e+17,212.14,,65.424,57.325,0,0
1.2316,3.5774e+05,1.7349,634.8,-0.72552,0,77657,-3.2581e+17,212.3,,65.498,57.398,0,0
1.234,3.5836e+05,1.7331,635.61,-0.90722,0,77868,-3.228e+17,212.45,,65.571,57.471,0,0
1.2365,3.5899e+05,1.7312,636.42,-1.0889,0,78080,-3.1979e+17,212.61,,65.644,57.544,0,0
1.2389,3.5961e+05,1.7294,637.23,-1.2706,0,78292,-3.1679e+17,212.76,,65.717,57.617,0,0
1.2414,3.6023e+05,1.7276,638.04,-1.4523,0,78504,-3.1378e+17,212.92,,65.79,57.69,0,0
1.2438,3.6086e+05,1.7257,638.85,-1.634,0,78715,-3.1077e+17,213.07,,65.863,57.763,0,0
1.2462,3.6148e+05,1.7239,639.66,-1.8157,0,78927,-3.0777e+17,213.23,,65.936,57.836,0,0
1.2487,3.621e+05,1.7221,640.47,-1.9974,0,79139,-3.0476e+17,213.38,,66.009,57.909,0,0
1.2511,3.6273e+05,1.7202,641.28,-2.179,0,79351,-3.0175e+17,213.54,,66.082,57.982,0,0
1.2536,3.6335e+05,1.7184,642.09,-2.3607,0,79562,-2.9875e+17,213.69,,66.156,58.056,0,0
1.256,3.6397e+05,1.7166,642.9,-2.5424,0,79774,-2.9574e+17,213.85,,66.229,58.129,0,0
1.2585,3.646e+05,1.7148,643.71,-2.7241,0,79986,-2.9273e+17,214,,66.302,58.202,0,0
1.264,3.66e+05,1.7108,645.47,-2.9334,0,80473,-2.8582e+17,214.35,,66.375,58.275,0,0
1.2698,3.6749e+05,1.7066,647.34,-3.1456,0,80988,-2.7849e+17,214.71,,66.448,58.348,0,0
1.2756,3.6898e+05,1.7023,649.2,-3.3577,0,81504,-2.7117e+17,215.08,,66.521,58.421,0,0
1.2815,3.7046e+05,1.6981,651.07,-3.5699,0,82019,-2.6386e+17,215.45,,66.594,58.494,0,0
1.2873,3.7195e+05,1.6939,652.93,-3.782,0,82535,-2.5654e+17,215.81,,66.667,58.567,0,0
1.2931,3.7344e+05,1.6897,654.8,-3.9942,0,83050,-2.4922e+17,216.18,,66.74,58.64,0,0
1.2989,3.7492e+05,1.6855,656.66,-4.2063,0,83566,-2.419e+17,216.54,,66.813,58.713,0,0
1.3048,3.7641e+05,1.6813,658.53,-4.4185,0,84081,-2.3458e+17,216.91,,66.886,58.786,0,0
1.3106,3.779e+05,1.6771,660.39,-4.6306,0,84597,-2.2726e+17,217.28,,66.96,58.86,0,0
1.3164,3.7939e+05,1.6729,662.26,-4.8428,0,85112,-2.1994e+17,217.64,,67.033,58.933,0,0
1.3222,3.8087e+05,1.6687,664.12,-5.0549,0,85628,-2.1262e+17,218.01,,67.106,59.006,0,0
1.3281,3.8236e+05,1.6644,665.99,-5.2671,0,86143,-2.053e+17,218.37,,67.179,59.079,0,0
1.3339,3.8385e+05,1.6602,667.85,-5.4792,0,86659,-1.9798e+17,218.74,,67.252,59.152,0,0
1.3433,3.8624e+05,1.6537,670.64,-5.6198,0,87521,-1.8572e+17,219.32,,67.325,59.225,0,0
1.3532,3.8872e+05,1.647,673.53,-5.7528,0,88421,-1.7295e+17,219.92,,67.398,59.298,0,0
1.363,3.912e+05,1.6403,676.42,-5.8859,0,89320,-1.6018e+17,220.52,,67.471,59.371,0,0
1.3728,3.9369e+05,1.6336,679.32,-6.0189,0,90219,-1.4741e+17,221.12,,67.544,59.444,0,0
1.3826,3.9617e+05,1.6268,682.21,-6.1519,0,91119,-1.3464e+17,221.73,,67.618,59.518,0,0
1.3924,3.9866e+05,1.6201,685.1,-6.285,0,92018,-1.2187e+17,222.33,,67.691,59.591,0,0
1.4023,4.0114e+05,1.6134,687.99,-6.418,0,92918,-1.091e+17,222.93,,67.764,59.664,0,0
1.4121,4.0362e+05,1.6067,690.88,-6.551,0,93817,-9.6324e+16,223.53,,67.837,59.737,0,0
1.4219,4.0611e+05,1.5999,693.77,-6.6841,0,94716,-8.3553e+16,224.13,,67.91,59.81,0,0
1.4317,4.0859e+05,1.5932,696.66,-6.8171,0,95616,-7.0781e+16,224.73,,67.983,59.883,0,0
1.4415,4.1108e+05,1.5865,699.55,-6.9501,0,96515,-5.801e+16,225.33,,68.056,59.956,0,0
1.4513,4.1356e+05,1.5797,702.44,-7.0832,0,97414,-4.5238e+16,225.94,,68.129,60.029,0,0
1.4612,4.1604e+05,1.573,705.33,-7.2162,0,98314,-3.2468e+16,226.54,,68.202,60.102,0,0
1.4725,4.1894e+05,1.5658,708.4,-7.1547,0,99397,-1.7083e+16,227.23,,68.275,60.175,0,0
1.4841,4.2192e+05,1.5584,711.52,-7.047,0,1.0052e+05,-1.0779e+15,227.94,,68.349,60.249,0,0
1.4958,4.2491e+05,1.5511,714.63,-6.9393,0,1.0165e+05,1.4927e+16,228.65,,68.422,60.322,0,0
1.5074,4.279e+05,1.5437,717.74,-6.8316,0,1.0278e+05,3.0931e+16,229.37,,68.495,60.395,0,0
1.5191,4.3089e+05,1.5363,720.86,-6.7239,0,1.0391e+05,4.6936e+16,230.08,,68.568,60.468,0,0
1.5308,4.3387e+05,1.529,723.97,-6.6162,0,1.0503e+05,6.2941e+16,230.79,,68.641,60.541,0,0
1.5424,4.3686e+05,1.5216,727.08,-6.5085,0,1.0616e+05,7.8946e+16,231.51,,68.714,60.614,0,0
1.5541,4.3985e+05,1.5143,730.2,-6.4009,0,1.0729e+05,9.4951e+16,232.22,,68.787,60.687,0,0
1.5657,4.4284e+05,1.5069,733.31,-6.2932,0,1.0841e+05,1.1096e+17,232.93,,68.86,60.76,0,0
1.5774,4.4583e+05,1.4996,736.42,-6.1855,0,1.0954e+05,1.2696e+17,233.64,,68.933,60.833,0,0
1.5891,4.4881e+05,1.4922,739.54,-6.0778,0,1.1067e+05,1.4297e+17,234.36,,69.006,60.906,0,0
1.6007,4.518e+05,1.4848,742.65,-5.9701,0,1.1179e+05,1.5897e+17,235.07,,69.079,60.979,0,0
1.6124,4.5479e+05,1.4775,745.76,-5.8624,0,1.1292e+05,1.7498e+17,235.78,,69.153,61.053,0,0
1.6218,4.5723e+05,1.4722,748.31,-5.7172,0,1.1383e+05,1.8791e+17,236.31,,69.226,61.126,0,0
1.6299,4.5935e+05,1.4681,750.52,-5.5497,0,1.1461e+05,1.9901e+17,236.72,,69.299,61.199,0,0
1.638,4.6147e+05,1.464,752.73,-5.3823,0,1.154e+05,2.1011e+17,237.14,,69.372,61.272,0,0
1.6462,4.6359e+05,1.4599,754.94,-5.2148,0,1.1618e+05,2.2122e+17,237.56,,69.445,61.345,0,0
1.6543,4.6571e+05,1.4558,757.15,-5.0473,0,1.1696e+05,2.3232e+17,237.97,,69.518,61.418,0,0
1.6624,4.6783e+05,1.4517,759.36,-4.8798,0,1.1774e+05,2.4342e+17,238.39,,69.591,61.491,0,0
1.6705,4.6994e+05,1.4476,761.58,-4.7123,0,1.1852e+05,2.5453e+17,238.8,,69.664,61.564,0,0
1.6786,4.7206e+05,1.4435,763.79,-4.5449,0,1.1931e+05,2.6563e+17,239.22,,69.737,61.637,0,0
1.6867,4.7418e+05,1.4394,766,-4.3774,0,1.2009e+05,2.7673e+17,239.63,,69.811,61.71,0,0
1.6949,4.763e+05,1.4353,768.21,-4.2099,0,1.2087e+05,2.8784e+17,240.05,,69.884,61.784,0,0
1.703,4.7842e+05,1.4312,770.42,-4.0424,0,1.2165e+05,2.9894e+17,240.46,,69.957,61.857,0,0
1.7111,4.8054e+05,1.4271,772.63,-3.875,0,1.2243e+05,3.1004e+17,240.88,,70.03,61.93,0,0
1.7192,4.8266e+05,1.423,774.84,-3.7075,0,1.2322e+05,3.2115e+17,241.3,,70.103,62.003,0,0
1.7256,4.8438e+05,1.4202,776.75,-3.5506,0,1.2382e+05,3.2976e+17,241.6,,70.176,62.076,0,0
1.7289,4.854e+05,1.4197,778.13,-3.4126,0,1.2412e+05,3.3397e+17,241.71,,70.249,62.149,0,0
1.7323,4.8642e+05,1.4191,779.5,-3.2745,0,1.2441e+05,3.3818e+17,241.82,,70.322,62.222,0,0
1.7356,4.8745e+05,1.4186,780.88,-3.1364,0,1.2471e+05,3.4238e+17,241.93,,70.395,62.295,0,0
1.7389,4.8847e+05,1.4181,782.25,-2.9984,0,1.2501e+05,3.4659e+17,242.04,,70.468,62.368,0,0
1.7422,4.8949e+05,1.4175,783.63,-2.8603,0,1.253e+05,3.508e+17,242.15,,70.542,62.442,0,0
1.7456,4.9052e+05,1.417,785.01,-2.7223,0,1.256e+05,3.55e+17,242.26,,70.615,62.515,0,0
1.7489,4.9154e+05,1.4165,786.38,-2.5842,0,1.259e+05,3.5921e+17,242.37,,70.688,62.588,0,0
1.7522,4.9256e+05,1.4159,787.76,-2.4462,0,1.2619e+05,3.6342e+17,242.48,,70.761,62.661,0,0
1.7555,4.9358e+05,1.4154,789.14,-2.3081,0,1.2649e+05,3.6762e+17,242.59,,70.834,62.734,0,0
1.7589,4.9461e+05,1.4148,790.51,-2.1701,0,1.2678e+05,3.7183e+17,242.7,,70.907,62.807,0,0
1.7622,4.9563e+05,1.4143,791.89,-2.032,0,1.2708e+05,3.7604e+17,242.81,,70.98,62.88,0,0
1.7655,4.9665e+05,1.4138,793.26,-1.8939,0,1.2738e+05,3.8024e+17,242.92,,71.053,62.953,0,0
1.7689,4.9768e+05,1.4132,794.64,-1.7559,0,1.2767e+05,3.8445e+17,243.03,,71.126,63.026,0,0
1.7684,4.976e+05,1.4137,794.65,-1.6002,0,1.2762e+05,3.8373e+17,242.99,,71.199,63.099,0,0
1.7679,4.9751e+05,1.4142,794.64,-1.4444,0,1.2757e+05,3.8298e+17,242.96,,71.272,63.173,0,0
1.7674,4.9743e+05,1.4147,794.64,-1.2886,0,1.2752e+05,3.8222e+17,242.93,,71.346,63.246,0,0
1.7669,4.9734e+05,1.4152,794.63,-1.1328,0,1.2746e+05,3.8147e+17,242.89,,71.419,63.319,0,0
1.7664,4.9726e+05,1.4157,794.63,-0.977,0,1.2741e+05,3.8071e+17,242.86,,71.492,63.392,0,0
1.7659,4.9717e+05,1.4161,794.63,-0.82119,0,1.2736e+05,3.7996e+17,242.82,,71.565,63.465,0,0
1.7654,4.9709e+05,1.4166,794.62,-0.6654,0,1.273e+05,3.792e+17,242.79,,71.638,63.538,0,0
1.7649,4.97e+05,1.4171,794.62,-0.50959,0,1.2725e+05,3.7845e+17,242.76,,71.711,63.611,0,0
1.7644,4.9692e+05,1.4176,794.61,-0.35378,0,1.272e+05,3.7769e+17,242.72,,71.784,63.684,0,0
1.7639,4.9684e+05,1.4181,794.61,-0.19798,0,1.2714e+05,3.7694e+17,242.69,,71.857,63.757,0,0
1.7635,4.9675e+05,1.4186,794.61,-0.04218,0,1.2709e+05,3.7618e+17,242.66,,71.93,63.83,0,0
1.763,4.9667e+05,1.4191,794.6,0.11363,0,1.2704e+05,3.7543e+17,242.62,,72.004,63.903,0,0
1.7625,4.9658e+05,1.4195,794.6,0.26943,0,1.2698e+05,3.7467e+17,242.59,,72.077,63.977,0,0
1.7612,4.9626e+05,1.4204,794.36,0.42893,0,1.2685e+05,3.7271e+17,242.5,,72.15,64.05,0,0
1.7592,4.9573e+05,1.4216,793.91,0.59162,0,1.2663e+05,3.6971e+17,242.37,,72.223,64.123,0,0
1.7572,4.952e+05,1.4228,793.46,0.75428,0,1.2642e+05,3.6671e+17,242.23,,72.296,64.196,0,0
1.7553,4.9467e+05,1.424,793.02,0.91695,0,1.2621e+05,3.6371e+17,242.1,,72.369,64.269,0,0
1.7533,4.9415e+05,1.4252,792.57,1.0796,0,1.26e+05,3.6071e+17,241.97,,72.442,64.342,0,0
1.7513,4.9362e+05,1.4264,792.12,1.2423,0,1.2579e+05,3.5771e+17,241.83,,72.515,64.415,0,0
1.7493,4.9309e+05,1.4276,791.68,1.405,0,1.2558e+05,3.5471e+17,241.7,,72.588,64.488,0,0
1.7474,4.9256e+05,1.4288,791.23,1.5676,0,1.2537e+05,3.5171e+17,241.56,,72.661,64.561,0,0
1.7454,4.9203e+05,1.43,790.78,1.7303,0,1.2516e+05,3.4871e+17,241.43,,72.734,64.634,0,0
1.7434,4.9151e+05,1.4312,790.34,1.893,0,1.2494e+05,3.4571e+17,241.3,,72.808,64.708,0,0
1.7414,4.9098e+05,1.4324,789.89,2.0557,0,1.2473e+05,3.4271e+17,241.16,,72.881,64.781,0,0
1.7395,4.9045e+05,1.4336,789.44,2.2183,0,1.2452e+05,3.3971e+17,241.03,,72.954,64.854,0,0
1.7375,4.8992e+05,1.4348,789,2.381,0,1.2431e+05,3.3671e+17,240.89,,73.027,64.927,0,0
1.7355,4.8939e+05,1.436,788.55,2.5437,0,1.241e+05,3.3371e+17,240.76,,73.1,65,0,0
